icao24,callsign,origin_country,time_position,longitude,latitude,baro_altitude,on_ground,velocity,true_track
50049b,T7BLV,San Marino,1783039231,100.7549,0.9563,11582.4,False,215.41,334.84
801622,IGO2121,India,1783039223,73.0635,18.8691,2164.08,False,144.29,62.16
801689,AXB2018,India,1783039230,77.6952,13.5744,3992.88,False,161.12,15.37
801681,AXB2064,India,1783039229,78.0438,13.5291,5212.08,False,191.67,64.4
4bc8d0,PGT91Q,Turkey,1783039231,31.2706,32.1018,11582.4,False,236.47,345.0
4bc8d9,PGT601,Turkey,1783039217,48.4008,27.5125,9761.22,False,233.55,299.28
841a6c,ADO118,Japan,1783039231,135.7288,35.7816,7368.54,False,195.71,221.48
801659,AIC101,India,1783039231,25.8406,34.7178,11582.4,False,239.37,311.78
801662,IGO6004,India,1783039230,77.5856,32.046,10668.0,False,242.81,6.45
801667,AIC2250,India,1783039132,71.4584,17.7723,10477.5,False,239.34,122.36
801665,AIC102,India,1783039231,26.9684,43.0159,11887.2,False,264.98,124.4
80165c,AXB670,India,1783038311,55.7057,25.2088,8915.4,False,166.12,197.48
801674,AIC9LG,India,1783039232,76.9535,27.7408,7604.76,False,208.59,203.09
500407,T724P,San Marino,1783039230,136.8722,34.3537,12192.0,False,171.24,237.26
8a0421,J935G,Indonesia,1783039230,110.5687,-7.7694,1257.3,False,88.82,295.38
4bc8cd,PGT52CP,Turkey,1783038975,36.8474,40.9534,11582.4,False,202.05,260.18
4bc8cc,PGT429,Turkey,1783039231,28.3618,46.2135,7917.18,False,226.66,199.63
4bc8ca,PGT97J,Turkey,1783039231,29.1138,40.7479,1333.5,False,126.5,311.21
80169c,IGO1924,India,1783039231,93.5435,22.5149,11574.78,False,244.93,260.08
851936,JAL432,Japan,1783039226,134.7694,33.4935,10058.4,False,270.95,92.94
8851e6,THA332,Thailand,1783039232,94.0041,17.4004,10660.38,False,224.72,128.68
851958,JAL642,Japan,1783039230,135.6306,33.2552,11887.2,False,262.0,70.14
47b0e7,IGO61J,Norway,1783039106,54.3264,22.2551,10965.18,False,255.48,274.62
8a0487,LNI241,Indonesia,1783039231,106.5669,-6.1732,480.06,False,70.22,68.51
84d283,JJP13,Japan,1783039232,139.3112,35.3528,9776.46,False,192.81,259.08
87457e,ANA53,Japan,1783039232,141.8947,42.6269,3634.74,False,151.7,21.69
8014f7,IGO1046,India,1783039231,100.2148,5.0581,4632.96,False,169.74,249.97
8a0454,LNI988,Indonesia,1783039016,103.9054,0.8338,2270.76,False,149.83,71.38
8014c1,IGO5059,India,1783039168,72.2847,20.4239,8229.6,False,213.11,327.92
8a0449,GIA073,Indonesia,1783039231,106.7617,-5.8361,3794.76,False,153.43,201.23
87453a,ANA995,Japan,1783039232,139.8371,35.4069,2590.8,False,144.39,219.36
8a03b0,CTV196,Indonesia,1783039208,110.4586,-6.9758,10668.0,False,228.27,95.04
7809d9,CSZ8913,China,1783039222,113.9017,22.5695,1447.8,False,139.69,45.6
7809e3,CSN3875,China,1783039002,114.8966,22.799,4610.1,False,202.36,263.72
801607,AXB1686,India,1783039231,76.3714,26.9299,10668.0,False,240.53,11.6
800429,VTIAH,India,1783038988,49.5664,22.6052,10355.58,False,251.04,273.64
801745,IGO374F,India,1783039178,88.4404,22.6427,114.3,True,0.0,275.62
8852e4,THA934,Thailand,1783039230,47.2539,40.6047,12192.0,False,220.85,272.14
801752,IGO5114,India,1783039174,75.8076,13.5413,10066.02,False,236.98,153.99
800448,AXB848,India,1783039197,68.8296,18.6308,10668.0,False,233.83,118.09
801788,IGO474,India,1783038922,84.2563,24.7356,10363.2,False,247.71,299.76
778827,FYC782,Syrian Arab Republic,1783039232,54.1476,25.0514,10363.2,False,230.46,302.7
80177c,AXB1230,India,1783039175,73.6974,19.0784,5966.46,False,173.45,138.37
80044b,AXB5309,India,1783039232,76.907,8.7402,1760.22,False,130.17,150.4
800463,AIC187,India,1783039229,50.9677,22.512,10363.2,False,262.07,274.28
801799,AXB1032,India,1783039232,77.9596,28.0064,5943.6,False,188.25,132.45
801792,IGO2314,India,1783039231,76.879,26.3799,10218.42,False,237.19,179.13
4bb4f0,MGH460,Turkey,1783039232,26.9174,39.7504,11277.6,False,244.15,136.28
4aca63,SAS988,Sweden,1783039231,31.2956,42.4589,12192.0,False,238.71,281.31
8016a5,IGO285W,India,1783039231,77.1485,28.5693,815.34,False,99.84,91.48
76b864,TGW658,Singapore,1783039231,101.8445,3.1966,10972.8,False,235.89,325.3
76b865,TGW248,Singapore,1783039176,104.5296,0.8438,4587.24,False,204.33,108.8
4bb4e7,MGH402,Turkey,1783039232,26.1909,40.2939,11277.6,False,264.62,131.37
46b927,SEH781,Greece,1783038635,38.4495,39.9254,11582.4,False,204.86,263.95
8015d3,IGO194,India,1783039230,76.9614,13.5143,6896.1,False,195.85,292.39
8a036b,AWQ724,Indonesia,1783039224,106.6977,-5.9376,1577.34,False,152.47,293.88
8a0376,CTV010,Indonesia,1783039231,101.2902,0.2428,10980.42,False,227.5,331.06
885312,THA020,Thailand,1783039139,103.5871,14.6992,9441.18,False,217.04,66.53
8015fc,IGO445P,India,1783039228,88.4425,22.6247,510.54,False,105.5,196.14
885308,THA637,Thailand,1783039188,121.2315,25.0671,60.96,False,83.48,228.75
885304,THA259,Thailand,1783038772,100.611,10.45,11277.6,False,238.25,181.36
8015e4,IGO092,India,1783039228,56.7413,22.8961,10668.0,False,241.03,78.43
3c4ad5,DLH781,Germany,1783039232,44.0185,40.8004,10972.8,False,224.82,278.69
88530b,THA102,Thailand,1783039232,100.7371,13.5498,1485.9,False,123.91,255.33
885315,THA352,Thailand,1783038214,96.5419,14.5124,10058.4,False,228.89,74.62
4bc859,PGT1800,Turkey,1783039231,34.6599,36.8163,8839.2,False,266.3,92.88
4bc84d,PGT613,Turkey,1783039229,48.4565,26.8922,7772.4,False,204.38,299.73
4bc84b,PGT435,Turkey,1783039230,29.401,39.7514,11277.6,False,227.21,168.64
70203e,BBC339,Bangladesh,1783039207,56.641,22.6821,10972.8,False,251.27,242.44
702066,BBC367,Bangladesh,1783039231,91.7082,22.8507,11330.94,False,232.57,271.01
70204b,BBC136,Bangladesh,1783039232,50.3804,23.0944,10058.4,False,256.26,97.38
4bc843,PGT855,Turkey,1783039232,47.5019,40.2537,9144.0,False,217.85,289.16
87339a,ANA52,Japan,1783039231,140.1542,35.6407,2560.32,False,152.44,187.17
4bc896,PGT685,Turkey,1783039231,30.8348,35.9442,10980.42,False,243.13,355.27
8518ae,JAL624,Japan,1783039231,138.6662,34.6712,7444.74,False,242.82,80.86
80171a,IGO6459,India,1783039231,76.7196,27.4638,7574.28,False,238.99,203.2
4bc885,PGT721,Turkey,1783039230,35.8464,31.7548,2080.26,False,146.66,358.59
a75b5e,UPS80,United States,1783039231,130.3818,33.7745,12192.0,False,216.44,239.9
73806c,ELY314,Israel,1783039231,33.2525,33.0692,8183.88,False,245.61,128.62
801878,IGO1025,India,1783039210,99.4586,4.596,10058.4,False,241.08,143.77
801859,AIC2016,India,1783039149,38.1739,32.6569,10668.0,False,265.73,153.43
738064,ELY392,Israel,1783039232,26.7571,36.0115,10668.0,False,259.24,114.38
801860,IGO2203,India,1783039229,87.65,26.1523,10668.0,False,237.4,100.99
73805c,ELY844,Israel,1783039232,33.0588,33.1411,9182.1,False,259.26,123.34
80052b,AIC2NP,India,1783039225,77.1232,28.5383,662.94,False,91.95,106.91
738074,ELY326,Israel,1783039231,30.951,34.6004,11887.2,False,271.13,127.52
738073,ELY024,Israel,1783039231,30.6473,34.7921,11887.2,False,265.99,127.53
80185f,IGO335H,India,1783039224,77.4814,13.7263,5052.06,False,184.91,132.97
702087,BBC356,Bangladesh,1783039231,79.6945,27.6654,12496.8,False,249.93,130.58
8733bc,ANA771,Japan,1783039231,140.3315,40.3858,11277.6,False,259.06,26.92
3c4a0c,DLH797,Germany,1783037615,46.272,41.409,11574.78,False,221.27,287.59
738051,ELY2368,Israel,1783039231,29.4357,37.401,10668.0,False,245.03,140.03
738059,ELY388,Israel,1783039230,29.8513,34.8506,10668.0,False,258.25,126.98
01e74f,VATOZ20,Libyan Arab Jamahiriya,1783039186,25.8021,39.8316,4899.66,False,40.8,354.94
800589,AIC3LU,India,1783039232,77.0517,28.5167,2125.98,False,130.24,329.89
8a064c,CTV522,Indonesia,1783039207,103.996,0.8137,4137.66,False,150.97,23.07
874846,ANA761,Japan,1783039231,132.2797,32.6048,10972.8,False,243.15,217.69
8a063c,BTK6885,Indonesia,1783039231,106.4118,-6.0037,2354.58,False,145.87,248.05
8a0634,BTK6863,Indonesia,1783039232,104.7586,-1.17,9395.46,False,238.19,165.87
8960f7,UAE28Y,United Arab Emirates,1783039232,35.1333,36.7564,11277.6,False,270.69,120.37
8840ee,BKP121,Thailand,1783039231,100.6541,12.0694,9448.8,False,217.53,186.65
8840f8,BKP261,Thailand,1783039232,99.8397,12.6654,9349.74,False,233.45,222.23
8004a6,AIC282,India,1783039231,79.649,13.2632,10355.58,False,230.86,352.57
8017a1,AXB550,India,1783039231,70.4686,18.5747,10668.0,False,235.76,133.94
8960e7,UAE385,United Arab Emirates,1783039210,55.4132,25.2257,213.36,False,74.11,301.37
8016e0,IGO068,India,1783039226,73.7938,19.0327,10668.0,False,239.62,122.46
89611d,UAE4N,United Arab Emirates,1783039226,55.628,25.1839,1196.34,False,104.99,149.04
89611a,UAE3MX,United Arab Emirates,1783039136,38.7638,32.4765,9144.0,False,262.05,333.28
8016da,IGO6771,India,1783039231,85.1646,20.638,11277.6,False,232.2,32.42
89611e,UAE349,United Arab Emirates,1783039101,55.4058,25.2299,190.5,False,82.67,301.51
70472a,KBZ622,Myanmar,1783039228,97.0155,22.502,5181.6,False,126.11,358.13
4891b4,ENT5081,Poland,1783039231,25.7848,44.9957,10668.0,False,241.14,140.37
781b5c,CCA912,China,1783039197,116.7178,40.1706,2491.74,False,148.17,173.22
8016ae,AXB932,India,1783038941,77.7598,13.1891,1097.28,False,75.12,270.78
896110,UAE337,United Arab Emirates,1783039204,118.2809,14.3073,10363.2,False,251.38,265.3
896112,UAE331,United Arab Emirates,1783039232,81.9071,17.747,10972.8,False,256.51,301.97
8016c8,AXB892,India,1783039137,69.2182,18.3164,8839.2,False,236.13,136.15
8016c9,AXB2881,India,1783039197,78.4484,13.8852,7162.8,False,208.83,46.0
5001e3,MEA204,San Marino,1783039232,30.6353,36.1823,10066.02,False,254.84,132.71
8016be,IGO1656,India,1783039223,88.4422,22.6422,121.92,True,0.0,95.62
841c60,JAL505,Japan,1783039231,141.5507,42.1637,5974.08,False,201.63,28.33
89619a,UAE20,United Arab Emirates,1783039120,36.7939,34.8609,10668.0,False,261.06,148.78
89617e,UAE232,United Arab Emirates,1783039231,36.7049,34.9501,11277.6,False,264.77,148.75
89617d,UAE394,United Arab Emirates,1783038985,55.2947,25.3183,2270.76,False,125.58,358.36
896198,UAE7Q,United Arab Emirates,1783039228,56.3827,24.8853,5318.76,False,159.25,264.25
896193,UAE30Y,United Arab Emirates,1783039231,50.7285,26.7306,10287.0,False,248.76,272.73
89618d,UAE804,United Arab Emirates,1783039231,56.0784,24.8294,3909.06,False,149.48,356.45
a1270b,UAL137,United States,1783039121,136.3106,34.2031,3375.66,False,177.98,50.51
80183b,IGO5194,India,1783039222,88.4407,22.6423,121.92,True,1.03,275.62
896187,UAE303,United Arab Emirates,1783039231,55.4571,25.2014,502.92,False,86.38,301.61
896182,UAE322,United Arab Emirates,1783039232,55.3132,25.2849,426.72,False,100.14,300.91
801823,IGO84AF,India,1783039232,73.1396,18.7456,6423.66,False,184.48,108.54
896168,UAE221,United Arab Emirates,1783039062,39.1086,31.8922,9144.0,False,254.92,333.64
017073,RPC803,Egypt,1783039231,120.9837,14.8277,449.58,False,43.66,44.05
452181,UAE9852,Bulgaria,1783039231,85.9798,22.8343,12496.8,False,244.97,96.63
471dbd,WZZ2HL,Hungary,1783039230,42.4624,40.4748,9121.14,False,197.26,282.04
8a0536,GIA993,Indonesia,1783039090,99.6588,1.4218,10668.0,False,246.63,130.6
8a0537,GIA088,Indonesia,1783039228,33.5705,28.6558,10972.8,False,247.49,311.38
8018b9,IGO541H,India,1783039231,86.0509,24.2803,10668.0,False,227.23,122.14
8018e0,IGO245,India,1783039232,87.3826,22.7252,6355.08,False,228.83,275.16
7020ac,UBG334,Bangladesh,1783039231,84.9775,22.6991,10675.62,False,231.01,90.89
7020b2,UBG326,Bangladesh,1783039232,91.7022,22.8305,10027.92,False,246.56,274.19
7020be,UBG308,Bangladesh,1783039231,95.9613,17.8273,11582.4,False,250.12,320.84
8961eb,ETD648,United Arab Emirates,1783039231,51.7106,25.917,6614.16,False,201.13,119.58
8018ca,IGO656,India,1783039230,75.9415,26.712,11269.98,False,238.87,355.68
4bb1e7,THY141,Turkey,1783039196,39.6248,31.4913,12192.0,False,222.72,316.68
4bb1c3,THY53,Turkey,1783039230,28.7299,41.1546,739.14,False,86.95,358.98
8017f7,AIC130,India,1783039231,33.5806,30.6687,11269.98,False,254.8,151.68
4bb1c6,THY59,Turkey,1783039227,96.5683,17.2645,9677.4,False,265.96,291.8
896209,UAE530,United Arab Emirates,1783037640,55.19,25.1763,10668.0,False,255.89,128.55
89620a,UAE797,United Arab Emirates,1783038949,35.3441,29.5009,11277.6,False,263.82,74.85
896216,UAE772,United Arab Emirates,1783039132,55.8392,24.8489,5775.96,False,198.91,125.95
884202,BKP107,Thailand,1783039232,100.5264,11.7626,9753.6,False,229.53,191.64
8a04a5,CTV937,Indonesia,1783039129,106.6316,-6.1474,91.44,False,69.26,68.2
4bb325,THY3237,Turkey,1783039231,36.913,39.8372,10972.8,False,210.02,249.35
471e16,ISR892,Hungary,1783039232,40.329,41.0745,9753.6,False,212.18,259.1
781bf6,CSN301,China,1783039174,113.3127,21.9317,7620.0,False,224.9,158.95
4bb264,THY2VM,Turkey,1783039231,34.0727,35.8337,10683.24,False,253.94,138.2
8962d0,ABY271,United Arab Emirates,1783038993,69.802,31.8388,10972.8,False,214.48,211.36
8962e6,ETD841,United Arab Emirates,1783039083,48.6522,27.4303,10363.2,False,249.17,296.88
4bb27a,THY359,Turkey,1783039133,32.3043,41.0466,10363.2,False,209.84,295.87
4bb299,TKJ4ZY,Turkey,1783039231,31.1355,33.8276,10363.2,False,240.25,353.48
738289,ISR714,Israel,1783039231,31.2398,35.6115,11277.6,False,246.23,143.75
4bb296,TKJ6UW,Turkey,1783039220,44.9618,41.6701,495.3,True,0.0,42.19
738287,ISR252,Israel,1783039232,34.1058,32.5526,3390.9,False,169.62,136.97
4bb28c,THY095,Turkey,1783039231,32.2771,29.5059,9753.6,False,228.67,308.06
4bb28a,THY144,Turkey,1783039231,38.6334,31.8718,11277.6,False,246.17,153.7
4bb275,THY347,Turkey,1783038684,40.4591,40.7304,10972.8,False,201.17,269.12
4bb26f,THY577,Turkey,1783039232,30.9713,34.5595,10965.18,False,232.28,355.3
4bb26c,THY8TR,Turkey,1783038128,38.8876,41.0617,10355.58,False,205.03,273.02
896401,ABY843,United Arab Emirates,1783039231,50.2838,26.9886,11887.2,False,242.04,101.52
4bb1a6,THY311,Turkey,1783039232,46.2749,40.4187,12184.38,False,223.07,266.96
84c43e,SFJ21,Japan,1783039230,135.5404,34.243,3451.86,False,175.49,257.47
8005f0,AIC4016,India,1783039232,31.1748,33.577,12496.8,False,260.65,140.69
896372,ABY433,United Arab Emirates,1783038896,55.1214,25.4592,4480.56,False,150.78,268.63
8005ef,AIC4306,India,1783039215,74.3407,27.1012,11209.02,False,249.21,52.63
896378,FDB756,United Arab Emirates,1783039232,38.1195,34.8468,10058.4,False,243.21,161.76
780a71,HKE673,China,1783039113,120.0105,23.928,11582.4,False,239.03,225.96
780a82,CPA982,China,1783039185,113.2398,23.0995,1150.62,False,146.35,242.35
780a80,CPA921,China,1783039173,115.5224,21.2623,8016.24,False,229.04,127.33
780a81,CPA449,China,1783039231,113.8685,22.3171,121.92,False,65.24,71.14
896353,ETD447,United Arab Emirates,1783039231,102.8623,13.7263,10363.2,False,267.05,271.1
896366,ABY472,United Arab Emirates,1783039232,70.2658,19.1477,10972.8,False,239.74,295.96
4bb0f9,THY71M,Turkey,1783039231,30.8542,35.213,10668.0,False,244.54,177.83
884343,BKP450,Thailand,1783039232,100.3283,13.2522,4876.8,False,136.33,0.22
89631a,UAE194,United Arab Emirates,1783039232,27.1525,36.468,11277.6,False,292.18,85.25
4bb0f2,THY208,Turkey,1783039231,104.1052,2.1384,3307.08,False,157.42,180.0
4bb0ee,THY75G,Turkey,1783039231,30.7356,37.3849,12192.0,False,263.38,353.83
4bb0ec,THY162,Turkey,1783039232,45.8417,40.779,10668.0,False,293.05,92.72
780a9c,CPA694,China,1783038930,113.4568,21.8394,7010.4,False,199.79,187.55
89631c,UAE58,United Arab Emirates,1783039231,51.51,26.6418,11277.6,False,262.13,109.61
896305,UAE543,United Arab Emirates,1783039230,69.805,19.3263,11582.4,False,262.77,297.52
896303,UAE395,United Arab Emirates,1783039220,55.5748,25.1361,1066.8,False,110.73,300.74
896308,UAE356,United Arab Emirates,1783039061,55.1912,25.1744,3063.24,False,144.35,120.4
896306,UAE612,United Arab Emirates,1783039232,56.6323,25.2897,7772.4,False,253.22,106.89
896310,UAE1J,United Arab Emirates,1783039229,50.1189,27.0081,11277.6,False,263.65,105.85
4bb0e4,THY164,Turkey,1783039231,44.0191,40.829,10668.0,False,291.51,92.73
4bb0e1,THY057,Turkey,1783039231,36.1197,41.141,12192.0,False,227.98,271.55
896313,UAE21W,United Arab Emirates,1783039231,75.232,28.6924,9509.76,False,267.36,264.15
4bb0e9,THY163,Turkey,1783039231,32.1427,41.7371,12192.0,False,232.95,255.81
89639f,UAE4,United Arab Emirates,1783039141,39.7425,30.9431,12496.8,False,268.3,131.27
89639d,UAE6,United Arab Emirates,1783039229,29.4096,40.0934,11887.2,False,271.85,130.47
780a27,HKC393,China,1783039231,36.373,42.0534,11887.2,False,264.94,101.31
4bb210,THY323,Turkey,1783038734,39.6925,41.1701,10363.2,False,208.69,273.25
80073d,AIC154,India,1783038931,39.6452,30.4218,11879.58,False,267.2,147.9
4bb213,THY8YA,Turkey,1783039231,44.1183,41.3177,5387.34,False,194.53,78.1
4bb20e,THY371,Turkey,1783039231,42.8051,41.4071,9144.0,False,212.62,260.81
ac25c4,FDX6014,United States,1783039232,134.4791,34.3042,10058.4,False,288.74,76.61
781d76,CSC8701,China,1783039216,113.6929,22.8037,937.26,False,88.9,122.95
780a43,HKC9458,China,1783039231,98.226,21.5715,12496.8,False,239.33,109.33
89505d,RBA3,Brunei Darussalam,1783038225,40.6254,45.9943,12192.0,False,145.09,281.87
800738,AIC160,India,1783039231,34.9356,37.3393,11879.58,False,264.7,148.35
8a07ad,AWQ107,Indonesia,1783039213,99.5128,4.4828,5036.82,False,168.14,223.26
800740,AIC301,India,1783039231,77.3074,28.1542,4114.8,False,178.57,1.49
800741,AIC138,India,1783039229,32.5253,28.7418,11879.58,False,251.79,143.81
4bb145,THY54,Turkey,1783039230,43.1776,40.9077,10058.4,False,286.54,99.72
4bb144,THY91,Turkey,1783039232,28.7324,41.0159,1531.62,False,111.13,359.2
4bb141,THY26,Turkey,1783039230,45.0436,40.7894,9448.8,False,288.05,93.28
4bb142,THY88,Turkey,1783039231,48.0142,40.7423,9448.8,False,272.27,91.73
4bb109,THY067,Turkey,1783039153,35.392,41.7575,12192.0,False,231.1,268.21
4bb107,THY49A,Turkey,1783039232,45.7609,40.6849,11277.6,False,289.15,90.92
4bb106,THY056,Turkey,1783039231,47.9847,40.683,10058.4,False,288.62,93.47
4bb103,THY175,Turkey,1783039231,92.4449,19.565,10972.8,False,257.68,333.69
4bb104,THY10J,Turkey,1783039231,31.2483,30.8551,10668.0,False,253.22,170.88
8963eb,UAE5V,United Arab Emirates,1783039231,31.5982,38.7194,11887.2,False,264.67,129.32
732e02,CPN7913,Islamic Republic of Iran,1783039231,29.5504,38.6746,9745.98,False,246.54,80.75
750068,BNE3014,Malaysia,1783039231,115.9586,5.7295,2080.26,False,61.73,202.5
8963d0,UAE307,United Arab Emirates,1783039003,55.4093,25.2279,434.34,False,82.67,301.51
8963d4,UAE929,United Arab Emirates,1783039159,55.1689,25.3038,1813.56,False,143.74,273.08
8963d6,UAE20T,United Arab Emirates,1783039189,57.4645,24.9721,8839.2,False,265.14,112.83
8963e0,UAE374,United Arab Emirates,1783039231,99.2858,14.3009,8854.44,False,240.96,82.15
8963e5,UAE37R,United Arab Emirates,1783039232,55.2353,25.2706,845.82,False,123.55,243.01
4bb189,THY41J,Turkey,1783039232,25.9915,41.9401,9486.9,False,239.09,115.35
4bb184,THY4RN,Turkey,1783039231,27.0523,41.8412,7924.8,False,227.9,121.43
8963e9,UAE43P,United Arab Emirates,1783039232,57.2695,23.988,9898.38,False,254.16,307.68
8963aa,ETD54N,United Arab Emirates,1783038916,69.7836,31.6826,9753.6,False,221.19,220.28
4bb153,THY6212,Turkey,1783039231,104.0559,1.3111,1638.3,False,142.02,351.46
4bb14e,THY6577,Turkey,1783038967,92.8964,23.502,9144.0,False,261.99,298.63
4bb14f,THY6258,Turkey,1783039232,88.9608,22.5911,11887.2,False,240.13,93.32
781e0f,CSS273,China,1783039124,129.8007,37.1937,10058.4,False,266.28,121.57
8a05ef,BTK7581,Indonesia,1783038928,111.0182,-7.0871,10668.0,False,231.56,99.46
8007b0,IGO2265,India,1783039232,77.0493,28.2727,4655.82,False,190.25,224.89
4bb19a,THY72,Turkey,1783039019,48.7256,40.5469,10668.0,False,290.26,93.76
4bb196,THY64,Turkey,1783039232,94.3602,18.5455,11269.98,False,243.07,120.53
4bb18f,THY301,Turkey,1783039231,29.0254,40.9578,1729.74,False,131.26,272.02
896514,FDB846,United Arab Emirates,1783038818,54.333,25.7392,3055.62,False,218.36,104.46
781cbc,CES6903,China,1783039202,116.9331,39.4201,9174.48,False,230.3,350.87
89650a,ETD910,United Arab Emirates,1783039231,90.9419,22.3636,9144.0,False,260.98,277.48
a98ac7,UNIDENT,United States,1783039232,51.2674,25.8524,4259.58,False,48.69,254.05
a98ac9,UNIDENT,United States,1783039231,51.3309,24.9094,4290.06,False,49.91,165.68
89647b,UAE376,United Arab Emirates,1783039230,56.6512,24.1989,7680.96,False,248.19,126.06
841f65,JTA301,Japan,1783039148,121.2451,25.0957,45.72,False,66.35,228.77
896475,UAE569,United Arab Emirates,1783039193,77.5505,13.2852,2430.78,False,141.21,299.46
896485,ABY503,United Arab Emirates,1783039231,77.311,9.8242,11582.4,False,244.67,306.97
87cde5,FENIXR2,Japan,1783039232,139.132,36.3691,4724.4,False,174.03,129.24
89642b,ETD595,United Arab Emirates,1783039231,50.8684,26.5874,9753.6,False,228.75,289.17
896442,ETD9675,United Arab Emirates,1783039232,84.2411,22.9645,9753.6,False,276.91,273.94
89642e,ABY595,United Arab Emirates,1783039135,39.2212,29.2565,11277.6,False,241.2,103.44
781e52,CSZ9403,China,1783039206,113.6839,23.0209,4206.24,False,204.36,332.08
781e51,CSZ9114,China,1783039027,114.4613,39.0927,9784.08,False,238.79,208.99
780b20,CSZ8979,China,1783038918,107.0485,23.6571,10393.68,False,235.16,312.87
89649d,ETD42B,United Arab Emirates,1783039232,35.1026,36.7698,11887.2,False,275.99,118.38
840caf,SJO213,Japan,1783039231,128.2856,36.6545,10363.2,False,196.69,305.31
3965a9,AFR116,France,1783037340,27.8973,43.9179,9448.8,False,260.22,120.01
3965b0,AFR257,France,1783039231,43.585,40.8452,10363.2,False,226.6,274.69
840cd8,JJP440,Japan,1783039230,134.119,34.4023,3048.0,False,154.86,37.44
683266,VSV470,Kazakhstan,1783039231,93.6583,18.9751,10363.2,False,247.19,289.83
8964f9,ETD5FA,United Arab Emirates,1783039170,39.6441,30.423,11879.58,False,269.18,139.18
4bb062,THY646,Turkey,1783039232,30.8601,35.1363,9448.8,False,221.36,177.87
8964fc,ETD49D,United Arab Emirates,1783039230,38.0517,33.6543,10355.58,False,252.86,332.76
781f1a,CES6350,China,1783039230,114.4284,40.488,10081.26,False,225.75,93.53
8964be,ETD4AJ,United Arab Emirates,1783039196,38.5856,32.7754,10972.8,False,248.02,333.12
781f43,CES6641,China,1783039088,115.8267,39.3697,5996.94,False,209.89,210.65
89664b,ABY468,United Arab Emirates,1783039201,68.869,19.7819,10972.8,False,254.23,296.82
88596a,TVJ340,Thailand,1783039232,99.7688,11.7031,9410.7,False,247.39,188.97
780aa1,HKE716,China,1783039231,114.2231,21.1579,8999.22,False,215.43,223.45
896623,UAE144,United Arab Emirates,1783039232,38.6974,31.7699,12496.8,False,268.78,147.98
896627,UAE310,United Arab Emirates,1783038936,55.3829,25.4565,4312.92,False,151.64,70.58
896625,UAE98V,United Arab Emirates,1783039231,49.86,27.0513,12496.8,False,261.76,93.27
4c8085,BBG151,Cyprus,1783039232,29.1986,35.2527,11285.22,False,256.61,126.69
896642,FDB570,United Arab Emirates,1783039232,55.7748,25.1952,2834.64,False,144.35,301.59
780ac5,HKE130,China,1783039028,115.2153,21.9137,8496.3,False,231.73,87.46
780ac6,HKE618,China,1783039230,122.9037,26.6672,11277.6,False,241.25,35.45
346390,EVE845,Spain,1783039232,38.8484,41.9567,11277.6,False,283.09,96.26
e48f22,PTZRQ,Brazil,1783039232,120.823,21.5445,2750.82,False,80.6,29.02
780af3,CQN2039,China,1783039222,107.0375,23.667,10386.06,False,235.53,312.79
4ac8da,TOM9PL,Sweden,1783039231,25.7677,36.9367,9982.2,False,221.13,295.49
780aec,CSG2693,China,1783039043,78.2836,48.97,9144.0,False,248.66,301.98
89659c,ETD455,United Arab Emirates,1783039199,57.4389,22.9387,3078.48,False,253.99,296.72
8a09ca,PAS200,Indonesia,1783039018,111.1059,-6.9359,11277.6,False,222.7,100.25
8a09be,PAS329,Indonesia,1783039231,106.342,-6.1484,1531.62,False,130.16,180.23
740827,RJA267,Jordan,1783039232,29.0444,42.2644,10972.8,False,253.98,321.99
740822,RJA8744,Jordan,1783039198,39.0153,30.6857,9448.8,False,271.94,116.52
48af12,LOT191,Poland,1783039232,45.8059,40.7659,10058.4,False,266.04,88.67
600853,AHY058,Azerbaijan,1783039178,73.0504,28.5206,10363.2,False,229.77,266.92
48af09,LOT149,Poland,1783039227,30.6779,31.9504,11277.6,False,246.22,137.88
48af05,LOT151,Poland,1783039232,32.6944,33.407,10287.0,False,230.23,158.37
48af00,LOT2VP,Poland,1783039231,32.2216,34.4773,11277.6,False,245.85,144.28
89656e,ETD474,United Arab Emirates,1783039185,98.823,2.1543,11887.2,False,248.81,130.64
461f5a,FIN87,Finland,1783038910,27.5519,44.6311,10668.0,False,265.19,135.39
7500c8,XAX701,Malaysia,1783039231,77.3343,13.1351,11269.98,False,232.05,118.61
461f49,FIN41,Finland,1783039231,114.4824,40.4854,11308.08,False,245.81,93.36
461f48,FIN142,Finland,1783039224,98.6685,14.7189,8351.52,False,249.98,310.41
461f59,FIN99,Finland,1783037679,27.0527,45.0047,11277.6,False,256.82,135.32
461f52,FIN79,Finland,1783038610,27.8164,44.4486,11277.6,False,266.68,136.02
461f55,FIN132,Finland,1783039231,25.109,46.2646,12192.0,False,252.46,315.17
461f50,FIN131,Finland,1783039056,27.6636,44.7867,10668.0,False,263.03,134.13
8964b2,UAE75T,United Arab Emirates,1783039231,55.917,25.0973,2766.06,False,146.11,311.72
8964c0,ETD46X,United Arab Emirates,1783039230,38.1325,33.5249,11582.4,False,243.19,332.95
750245,MAS1326,Malaysia,1783039231,102.34,3.2545,6400.8,False,210.9,17.02
75021c,MAS2612,Malaysia,1783039219,104.6816,2.8233,9448.8,False,226.48,85.7
8964a4,UAE29U,United Arab Emirates,1783039230,52.6693,26.2423,11201.4,False,258.78,113.3
750222,MAS871,Malaysia,1783039013,105.6004,-0.9764,11277.6,False,229.99,133.37
8964a2,UAE6AU,United Arab Emirates,1783039194,56.1003,24.953,2788.92,False,150.39,304.12
76cc77,SIA422,Singapore,1783039060,100.4268,3.9623,10972.8,False,260.27,300.92
76cc76,SIA936,Singapore,1783039230,104.0312,1.0226,2781.3,False,154.84,153.78
76cc6d,SIA850,Singapore,1783039232,103.9796,1.5808,3634.74,False,151.8,338.74
750208,MAS713,Malaysia,1783039020,105.3211,-1.7799,11277.6,False,241.51,157.59
846444,JAL507,Japan,1783039232,140.6786,39.3753,12496.8,False,249.67,14.44
8a090f,MYU923,Indonesia,1783038998,104.3749,0.7037,5661.66,False,200.92,147.12
8a0918,SJV919,Indonesia,1783039231,102.7305,-0.6003,8549.64,False,228.12,136.01
507cac,FAD9123,Uzbekistan,1783039222,58.5636,23.7082,11277.6,False,235.22,247.36
8a0914,PAS320,Indonesia,1783039232,103.6691,-2.7621,10980.42,False,232.45,320.57
8a0915,PAS616,Indonesia,1783039114,106.8412,-5.983,1432.56,False,140.38,59.86
872720,ANA892,Japan,1783039232,137.9105,33.5835,10355.58,False,283.3,54.98
75029c,AXN6436,Malaysia,1783039231,102.2559,3.6719,7490.46,False,230.41,8.47
8a0907,SJV691,Indonesia,1783039097,106.6203,-6.1284,137.16,False,69.07,68.59
76cd14,SIA213,Singapore,1783039230,107.1806,-6.5162,12412.98,False,267.33,160.55
75027f,MAS1138,Malaysia,1783039232,100.774,4.1369,6438.9,False,204.66,335.5
75027c,AXM6172,Malaysia,1783039231,102.5122,3.1173,9845.04,False,240.16,319.69
750288,AXM1573,Malaysia,1783039232,102.5551,2.1671,10675.62,False,233.31,139.92
750260,MAS159,Malaysia,1783039231,75.5557,14.075,10668.0,False,239.9,118.71
750264,MAS6124,Malaysia,1783039227,75.7772,31.0185,11582.4,False,242.85,291.24
780d23,CES708,China,1783038995,91.0224,53.8963,11277.6,False,266.24,125.56
8965f9,ADY134,United Arab Emirates,1783039231,76.7719,8.5984,2080.26,False,138.74,305.34
8965f6,ABY331,United Arab Emirates,1783039228,53.7174,25.9765,8183.88,False,218.48,98.53
896768,ABY497,United Arab Emirates,1783039232,69.6239,17.1547,11582.4,False,248.57,298.16
84b495,APJ568,Japan,1783039232,141.7499,42.0913,5737.86,False,191.55,177.54
780bd9,CSN343,China,1783039227,113.3103,22.4854,6918.96,False,200.45,188.86
896727,ABY160,United Arab Emirates,1783039231,51.0265,26.397,4876.8,False,215.04,247.79
85d42c,ANA434,Japan,1783039232,135.6851,33.9859,6644.64,False,230.99,63.83
89671d,ABY696,United Arab Emirates,1783039221,37.874,33.0357,11285.22,False,252.61,129.3
70aa6f,HIM766,Nepal,1783039201,58.1373,24.8075,8526.78,False,247.97,95.24
896719,ABY805,United Arab Emirates,1783039232,52.0917,26.1261,10972.8,False,228.69,296.16
70aa79,HIM986,Nepal,1783039231,96.7473,23.3855,10980.42,False,230.19,272.56
70aa75,RNA254,Nepal,1783039231,52.3554,25.2274,5090.16,False,210.09,113.68
89670b,ADY128,United Arab Emirates,1783039010,75.0499,12.1362,9745.98,False,240.42,320.38
89405f,GFA061,Bahrain,1783039231,76.3795,8.8743,4366.26,False,196.15,305.61
8a08b9,SJV899,Indonesia,1783039231,101.0272,1.1117,10066.02,False,236.83,135.62
8462c4,FDA511,Japan,1783039231,141.6796,42.337,4884.42,False,192.27,28.97
89667e,UAE387,United Arab Emirates,1783039232,55.6494,25.2651,2186.94,False,127.93,301.52
89667d,UAE118,United Arab Emirates,1783038252,54.27,25.7537,1645.92,False,213.99,104.34
89667b,UAE24,United Arab Emirates,1783039231,28.8124,40.481,12496.8,False,265.06,130.12
7501fc,AXM880,Malaysia,1783039231,101.356,3.9858,8442.96,False,233.75,335.97
840e10,JAL907,Japan,1783039231,136.8797,34.1376,12077.7,False,231.44,215.77
896699,ETD353,United Arab Emirates,1783038889,69.4938,19.8349,9753.6,False,239.4,291.82
781fbe,CSC3895,China,1783039231,47.233,41.2248,12192.0,False,222.06,281.49
89665d,ABY313,United Arab Emirates,1783039232,55.5491,25.3129,259.08,False,85.34,302.44
7501f9,XAX505,Malaysia,1783039232,126.7352,35.6105,8321.04,False,233.86,177.1
896680,UAE78P,United Arab Emirates,1783039231,28.9467,40.3946,11887.2,False,275.99,130.16
700007,AFG416,Afghanistan,1783039130,57.684,23.3566,10668.0,False,247.77,66.9
76cd44,SIA207,Singapore,1783039146,105.1915,-1.3158,9906.0,False,264.31,163.26
8832b5,TLM734,Thailand,1783039232,100.3084,13.8626,3230.88,False,150.94,232.9
8832b0,TLM550,Thailand,1783039232,100.308,14.1602,3970.02,False,187.93,353.56
8965d7,FDB661,United Arab Emirates,1783038794,55.1688,25.2093,5448.3,False,129.82,174.09
8965e1,ADY384,United Arab Emirates,1783038374,53.266,25.0005,1371.6,False,245.16,124.66
748025,MEA435,Lebanon,1783039231,50.4357,26.2867,7757.16,False,227.65,278.19
8965b3,FDB1025,United Arab Emirates,1783039229,56.2603,24.4881,7002.78,False,219.63,130.63
152079,NWS3429,Russian Federation,1783039231,92.3194,18.6787,11277.6,False,240.31,128.22
8965b9,UAE9869,United Arab Emirates,1783039231,55.9082,24.6863,2438.4,False,178.94,266.04
76cd79,SIA322,Singapore,1783039231,40.9369,40.964,10972.8,False,227.62,272.59
75033c,AXM5192,Malaysia,1783039177,117.0361,5.9023,4465.32,False,178.39,84.21
89409b,GFA079,Bahrain,1783039228,34.9891,29.0007,10972.8,False,225.28,285.5
780d7f,CCA1879,China,1783039063,116.9664,39.4716,6896.1,False,206.7,195.59
863b53,JA6939,Japan,1783039231,140.202,35.7324,297.18,False,56.65,346.34
894097,GFA006,Bahrain,1783039231,32.6982,36.7515,11887.2,False,274.33,127.69
152038,AFL626,Russian Federation,1783039220,84.3325,21.6385,11277.6,False,243.01,135.51
8462ee,JAL2721,Japan,1783039062,144.1678,43.8518,152.4,False,55.24,355.19
89408d,GFA152,Bahrain,1783039231,90.1647,18.0549,12496.8,False,241.04,112.46
040190,ETH553,Ethiopia,1783039074,31.3571,28.5898,11277.6,False,260.86,131.8
732541,IRA768,Islamic Republic of Iran,1783039151,38.9493,39.6132,11887.2,False,272.24,98.04
04018f,ETH715,Ethiopia,1783039231,31.6549,29.282,11277.6,False,246.19,163.99
a00000,RPC2791,United States,1783039230,120.6181,15.0376,480.06,False,81.41,343.86
04016b,ETH407,Ethiopia,1783039231,33.8894,33.7294,6705.6,False,206.9,235.64
899076,EVA1194,Taiwan,1783039232,121.1283,25.0637,1577.34,False,119.91,35.39
89902c,TTW234,Taiwan,1783039231,133.6536,35.4126,11277.6,False,258.34,39.59
706202,JZR722,Kuwait,1783039232,38.9447,29.3155,11887.2,False,244.12,102.66
899045,MDA1857,Taiwan,1783039231,120.1201,22.3434,10530.84,False,226.41,189.55
706214,JZR532,Kuwait,1783039232,87.5512,22.9751,9136.38,False,239.08,273.21
706210,JZR402,Kuwait,1783039231,50.3736,26.9086,9761.22,False,205.31,301.58
706212,JZR409,Kuwait,1783038965,77.0722,28.5492,350.52,False,71.37,103.34
899059,TTW210,Taiwan,1783039086,132.2951,32.1997,9906.0,False,258.74,49.6
899057,TTW280,Taiwan,1783039232,122.2289,25.3147,10660.38,False,236.21,49.86
899051,MDA781,Taiwan,1783039231,119.6852,23.7281,891.54,False,85.25,198.65
899023,TTW284,Taiwan,1783039231,132.2652,32.2544,9624.06,False,244.5,52.09
899025,TTW240,Taiwan,1783039231,130.0148,32.3896,8153.4,False,238.21,0.74
780201,CPA289,China,1783039185,46.1175,41.4341,10972.8,False,221.25,286.2
89901c,CAL781,Taiwan,1783039096,118.9726,20.1533,9753.6,False,247.0,225.08
781536,LKE9879,China,1783039215,106.7856,23.8276,11917.68,False,231.57,94.08
899036,EVA395,Taiwan,1783039176,119.9732,23.8331,7924.8,False,221.29,173.06
406f7c,BAW61,United Kingdom,1783039223,54.9832,21.8431,11277.6,False,260.59,102.77
406f79,BAW199,United Kingdom,1783039162,38.6178,39.9194,10660.38,False,293.65,82.55
406f77,BAW5,United Kingdom,1783039221,130.6439,36.7735,12489.18,False,293.76,122.05
882e61,KMI262,Thailand,1783039229,96.8544,20.6874,9144.0,False,250.72,290.67
89909f,EVA178,Taiwan,1783038946,133.1447,32.784,9372.6,False,254.81,47.13
8881dd,VJC5063,Viet Nam,1783039230,106.1258,22.3243,12192.0,False,241.61,136.38
8881da,VJC918,Viet Nam,1783039228,128.9542,35.0463,701.04,False,94.7,353.76
7814b9,CSN665,China,1783039231,127.2848,36.8899,8839.2,False,255.73,135.24
8881f3,VJC879,Viet Nam,1783039231,121.1909,22.5852,10370.82,False,233.06,206.34
8881f4,VJC1771,Viet Nam,1783038951,107.1738,18.8669,10972.8,False,228.91,140.84
780212,CPA255,China,1783038943,40.4413,41.0916,10363.2,False,222.17,259.05
780217,CPA3251,China,1783039229,120.6805,26.0985,10393.68,False,256.41,208.26
5082ef,MGH432,Ukraine,1783039232,30.5508,37.0714,3665.22,False,160.3,111.46
781550,CSN685,China,1783039228,125.8378,37.3847,2865.12,False,153.96,57.0
78154e,CSN629,China,1783039231,125.8425,37.164,9448.8,False,265.45,86.44
780237,CPA691,China,1783039038,114.0205,20.9832,8549.64,False,229.36,212.26
394a0b,AFR274,France,1783038875,38.1453,40.2404,9448.8,False,290.61,77.74
040204,ETH501,Ethiopia,1783039184,29.6009,30.0717,11887.2,False,259.04,134.03
760a0d,FJL587,Pakistan,1783039228,55.6578,22.5581,11277.6,False,239.11,68.02
3c70c3,GEC8461,Germany,1783039231,28.4098,41.5948,3589.02,False,183.83,308.41
3c70c2,GEC8429,Germany,1783039231,89.336,22.5504,10363.2,False,261.68,276.89
86ef28,ANA919,Japan,1783039232,140.3548,35.7925,541.02,False,83.8,331.39
040079,ETH429,Ethiopia,1783039232,35.8471,31.3462,3589.02,False,181.23,184.89
4ba9cf,THY7AZ,Turkey,1783039163,31.9256,54.6938,11887.2,False,28.03,222.77
4ba9ce,THY706,Turkey,1783038910,48.9523,40.7516,11887.2,False,276.01,95.56
4ba9cd,THY734,Turkey,1783039017,36.6796,39.806,10058.4,False,276.25,110.49
71c013,JNA203,Republic of Korea,1783039231,140.701,36.1762,3718.56,False,174.01,159.58
4ba9e8,THY34D,Turkey,1783039231,30.7061,38.857,11582.4,False,231.6,323.31
4ba9e9,THY726,Turkey,1783039232,76.2073,30.873,11887.2,False,245.33,111.4
4ba9e4,THY147,Turkey,1783039232,29.924,39.8197,8991.6,False,222.11,336.52
040046,ETH760,Ethiopia,1783039231,30.809,36.5072,12192.0,False,260.42,358.3
4ba9e2,THY8HA,Turkey,1783039231,25.6149,44.699,11277.6,False,241.76,141.74
89917e,CAL903,Taiwan,1783039200,119.181,23.3305,10363.2,False,239.78,237.71
71c001,KAL141,Republic of Korea,1783039232,126.504,37.2667,2232.66,False,144.96,213.86
71c006,KAL033,Republic of Korea,1783039230,127.6384,37.5205,5044.44,False,212.23,61.63
4ba9f6,THY6119,Turkey,1783039232,71.6365,18.4846,10972.8,False,251.23,296.51
06a390,QTR8411,Qatar,1783038956,105.3397,19.1969,9144.0,False,270.84,275.56
89914a,MDA2361,Taiwan,1783039193,119.6434,23.6108,198.12,False,58.4,197.96
06a391,QTR8262,Qatar,1783039231,51.6639,25.1714,624.84,False,89.32,338.01
78161c,CSN378,China,1783038956,38.9898,44.0641,10668.0,False,4.12,270.0
06a38c,QTR815,Qatar,1783039072,55.8713,25.0443,10972.8,False,247.32,277.17
781642,CCA1351,China,1783039135,114.6929,39.4597,9281.16,False,244.83,242.47
899141,UIA8635,Taiwan,1783039231,120.3321,24.1256,1836.42,False,119.09,230.26
89913d,UIA8911,Taiwan,1783039232,120.308,22.489,1249.68,False,102.75,274.88
899150,MDA365,Taiwan,1783039229,120.0894,23.8237,2727.96,False,99.39,206.43
8990a8,CAL933,Taiwan,1783039166,114.0577,21.9619,1348.74,False,146.66,298.72
7801a3,CPA597,China,1783039169,133.8351,33.7182,8983.98,False,222.71,234.4
71c076,KAL284,Republic of Korea,1783039231,127.3623,37.1932,4876.8,False,161.38,341.22
8990b5,EVA158,Taiwan,1783039231,132.3033,34.1245,10668.0,False,252.32,34.95
8990b1,EVA134,Taiwan,1783039231,133.9682,34.2893,2849.88,False,148.62,6.56
7801b6,CPA705,China,1783039232,114.3525,21.3991,7360.92,False,203.63,211.36
8990aa,CAL156,Taiwan,1783039231,121.2576,25.1682,3162.3,False,157.58,73.69
71c060,AAR1145,Republic of Korea,1783039227,135.1126,34.3426,701.04,False,84.36,68.91
84183d,JAL185,Japan,1783039231,139.5859,35.8001,4892.04,False,181.1,287.35
7801cc,CPA564,China,1783039232,114.0843,22.307,1623.06,False,110.91,149.63
71c031,JJA104,Republic of Korea,1783039232,126.6004,37.5534,1752.6,False,101.35,322.84
06a30b,QTR8022,Qatar,1783039232,88.6379,22.6043,12496.8,False,242.44,91.95
06a30c,QTR8997,Qatar,1783039230,57.4848,24.6129,9753.6,False,249.55,292.55
06a30a,QTR8961,Qatar,1783039231,87.6124,22.7305,9753.6,False,266.54,273.76
71c027,KAL867,Republic of Korea,1783039232,126.6556,34.6885,11582.4,False,231.3,184.85
71c056,TWB643,Republic of Korea,1783039049,126.5686,33.8632,76.2,True,222.89,190.51
71c050,JJA109,Republic of Korea,1783039231,126.5168,34.2164,4465.32,False,170.82,210.19
a026a5,FDX6001,United States,1783039231,104.7228,21.1059,9692.64,False,256.58,214.71
04008b,ETH3491,Ethiopia,1783039232,88.4648,22.5879,9144.0,False,267.29,259.58
424293,AHY008,United Kingdom,1783039232,27.2079,44.2227,12489.18,False,260.85,119.8
06a2e5,QTR1R,Qatar,1783039187,38.2,32.6115,11887.2,False,264.12,153.39
06a2e2,QTR8969,Qatar,1783039231,88.1701,18.8539,10363.2,False,257.24,275.16
06a2e1,QTR8943,Qatar,1783039160,83.6047,23.0047,10363.2,False,267.6,273.86
845dee,ANA641,Japan,1783039231,132.2918,33.6665,8534.4,False,224.21,228.81
841794,JJP609,Japan,1783038982,132.0564,33.8384,2804.16,False,110.3,188.58
06a2f9,QTR48K,Qatar,1783039232,35.7137,36.2342,11879.58,False,262.88,143.35
06a2f6,QTR85T,Qatar,1783039136,38.3575,33.1542,10972.8,False,244.8,333.0
851120,JAL3101,Japan,1783039189,141.69,42.7986,83.82,False,69.49,172.77
06a2f0,QTR25J,Qatar,1783039231,53.0254,25.3267,6705.6,False,210.19,259.71
882da5,KMI525,Thailand,1783039174,104.4255,20.471,7970.52,False,216.61,35.92
882da2,KMI802,Thailand,1783039230,103.4488,12.4195,10088.88,False,222.33,118.17
7815a3,EPA6303,China,1783039231,113.7338,22.9458,5356.86,False,193.66,354.97
7802b0,CSN3078,China,1783039231,120.9372,14.7272,3611.88,False,166.34,256.95
781666,CSN8172,China,1783039231,115.5636,40.0241,3055.62,False,155.09,165.6
899118,CAL278,Taiwan,1783039231,131.302,32.6803,10058.4,False,244.63,32.29
899128,CAL160,Taiwan,1783039231,121.9255,25.9397,6736.08,False,242.41,36.46
899124,EVA696,Taiwan,1783039231,121.4805,25.2141,4091.94,False,176.37,72.52
781672,CQH8779,China,1783039230,121.0273,26.6771,11003.28,False,233.41,208.43
899138,UIA8690,Taiwan,1783039229,120.0115,23.0454,1836.42,False,121.53,170.5
899132,UIA8605,Taiwan,1783039105,119.8323,23.711,1851.66,False,95.6,235.97
780358,CXA8397,China,1783039228,114.5793,22.8005,9174.48,False,242.4,259.98
899103,CAL6842,Taiwan,1783039231,120.4742,24.3861,6187.44,False,209.14,40.31
780368,AMU822,China,1783039231,113.8483,22.3705,2491.74,False,138.53,82.53
899116,CAL601,Taiwan,1783039220,114.2119,21.9806,1676.4,False,142.94,276.61
863180,JA66AE,Japan,1783039231,140.0297,36.2524,1021.08,False,36.83,155.22
4ba9d4,THY4VL,Turkey,1783039232,30.944,33.2545,11887.2,False,234.18,178.24
06a2b7,QTR42M,Qatar,1783038460,35.3142,34.6757,10668.0,False,266.6,137.82
06a2b8,QTR3X,Qatar,1783039214,57.3513,22.9805,10972.8,False,251.25,297.3
06a2b3,QTR956,Qatar,1783037862,53.3296,24.7912,10058.4,False,241.98,105.16
4ba8ce,TKJ3SY,Turkey,1783039225,31.9,54.7033,11277.6,False,28.07,333.9
781717,CSH898,China,1783039173,90.1513,52.9032,11879.58,False,278.39,116.09
86dd2a,JAL740,Japan,1783039232,87.7356,24.7821,11887.2,False,246.88,109.98
8991d7,SJX789,Taiwan,1783039232,120.5723,15.4148,1524.0,False,120.91,19.9
8991d4,SJX785,Taiwan,1783039231,120.4195,17.2497,10363.2,False,240.77,186.5
8991b6,CAL120,Taiwan,1783039231,123.3897,24.9972,8831.58,False,242.3,96.46
8991aa,CAL701,Taiwan,1783039230,120.7209,20.5464,11582.4,False,243.01,184.37
8511ec,JAL20,Japan,1783039231,117.0677,40.1228,4122.42,False,170.97,171.87
4ba954,THY71,Turkey,1783037152,45.8503,41.4958,10972.8,False,219.42,285.5
4ba94f,THY198,Turkey,1783039230,40.7919,40.8652,10058.4,False,288.09,89.69
4ba94b,THY90,Turkey,1783039231,44.7604,40.8013,10058.4,False,287.47,93.08
4ba94e,THY24,Turkey,1783039230,48.3873,41.0057,9448.8,False,281.42,90.63
851230,JAL107,Japan,1783039017,135.4589,34.7663,68.58,False,73.85,315.28
4ba930,THY355,Turkey,1783039229,48.8331,41.5781,11582.4,False,229.89,234.1
4ba946,THY55,Turkey,1783037626,45.2931,41.6163,10363.2,False,222.04,285.45
4ba945,THY199,Turkey,1783039231,29.3049,41.0037,2842.26,False,141.87,247.62
845ebc,ADO58,Japan,1783039231,140.9036,41.6371,1805.94,False,142.84,161.96
8990e3,EVA225,Taiwan,1783039231,119.8759,21.0168,9753.6,False,246.21,188.77
8990f1,MDA1263,Taiwan,1783039231,120.4356,24.2252,4267.2,False,124.43,229.53
86dc9a,ANA816,Japan,1783039232,103.2188,3.2822,8122.92,False,231.48,62.47
8990bb,SJX310,Taiwan,1783039231,122.5314,26.7076,10660.38,False,241.66,35.38
8990be,SJX715,Taiwan,1783039187,119.4449,23.4838,9730.74,False,243.92,237.75
8990bd,SJX761,Taiwan,1783039232,120.8261,15.1669,9753.6,False,246.19,163.99
8990d0,EVA281,Taiwan,1783039231,121.9446,24.0983,8016.24,False,231.54,199.6
781790,CCA1895,China,1783039206,116.2972,39.3172,7498.08,False,241.36,157.04
49d369,TVS86L,Czech Republic,1783039232,30.4318,36.5113,10668.0,False,233.29,145.78
49d365,ISR382,Czech Republic,1783039231,32.973,33.3121,9166.86,False,243.57,131.06
780488,CSN8797,China,1783039232,114.0634,22.6879,4175.76,False,168.68,32.67
86eeed,JA893K,Japan,1783039231,136.46,36.4672,289.56,False,60.4,35.99
480c47,MMF42,Kingdom of the Netherlands,1783039232,32.1313,29.6053,12192.0,False,232.05,307.89
4b8e03,PGT1770,Turkey,1783039232,29.8633,40.163,11277.6,False,245.18,135.0
881bc5,SNY22,Thailand,1783039193,100.5173,13.9124,373.38,False,60.8,293.96
781837,CSZ8310,China,1783039230,116.2797,40.3065,11018.52,False,231.08,230.78
71c224,JNA375,Republic of Korea,1783039231,134.5673,35.5566,8862.06,False,270.17,97.22
71c225,JNA472,Republic of Korea,1783039231,126.9763,36.1371,6766.56,False,205.49,4.88
71c220,TWB269,Republic of Korea,1783039232,140.8565,41.0461,10058.4,False,226.76,20.45
780519,CSN8417,China,1783039232,113.7673,22.4262,3916.68,False,166.87,38.74
71c258,AAR361,Republic of Korea,1783039231,126.704,35.9289,8366.76,False,225.97,175.69
71c259,AAR1085,Republic of Korea,1783039232,134.1636,35.5539,11277.6,False,287.76,111.06
78183f,CSZ239,China,1783038921,113.3112,22.1788,4206.24,False,179.84,237.86
71c245,JNA651,Republic of Korea,1783039232,126.9503,37.3337,2164.08,False,160.67,145.7
71c246,JNA221,Republic of Korea,1783039231,140.8598,35.8859,3131.82,False,149.22,199.75
71c244,JNA371,Republic of Korea,1783039231,127.4423,26.9018,3009.9,False,131.26,245.95
78184a,UEA2253,China,1783039231,116.595,39.2457,11010.9,False,226.12,201.49
71c247,JNA461,Republic of Korea,1783039231,127.5456,34.729,3825.24,False,181.23,161.98
71c242,JNA255,Republic of Korea,1783039231,134.3259,34.2645,3352.8,False,145.48,155.34
744841,RJA271,Jordan,1783039232,34.9601,32.0525,4305.3,False,201.47,304.18
71c219,HL8219,Republic of Korea,1783039231,127.8342,37.5599,3383.28,False,135.8,78.86
040241,ETH701,Ethiopia,1783039231,31.3129,28.6242,11277.6,False,256.3,131.18
744822,RJA650,Jordan,1783038916,51.6399,25.2256,198.12,False,71.55,338.05
4bca68,RHH009,Turkey,1783039231,100.1681,14.2703,3451.86,False,170.43,100.26
7803f4,CCA184,China,1783039232,133.1735,35.896,9144.0,False,197.09,268.65
71c286,AAR1055,Republic of Korea,1783039231,138.1211,35.8429,11018.52,False,183.67,288.28
86dcc4,JAL87,Japan,1783039231,135.0692,34.8596,12184.38,False,204.1,258.66
8991e2,SJX233,Taiwan,1783039228,120.0708,24.1588,6865.62,False,209.13,215.49
8991dd,SJX711,Taiwan,1783039230,120.049,22.5847,8534.4,False,237.21,181.24
8991f4,B36002,Taiwan,1783039223,120.7592,24.5868,3657.6,False,101.19,193.82
704010,MMA801,Myanmar,1783039227,96.1568,16.9405,434.34,False,94.75,34.38
704018,MMA211,Myanmar,1783039230,95.4342,19.9149,5486.4,False,137.87,337.17
43e91c,MRISE,United Kingdom,1783039232,25.1599,36.3461,11292.84,False,247.04,142.7
71c354,TWB319,Republic of Korea,1783039231,129.1672,35.1779,4488.18,False,199.41,86.75
71c359,AAR222,Republic of Korea,1783039232,132.5982,36.3329,10668.0,False,294.08,92.71
71c357,ABL112,Republic of Korea,1783039231,140.4194,35.7481,320.04,False,76.14,329.1
3c0936,SDR19BC,Germany,1783039198,32.4446,34.5868,7147.56,False,200.03,20.16
71c345,KAL706,Republic of Korea,1783039231,139.6759,35.9013,7635.24,False,195.78,284.77
71c349,KAL722,Republic of Korea,1783039232,133.3321,35.0836,9144.0,False,209.2,313.9
880c48,AIQ3250,Thailand,1783039043,102.1991,15.0606,7620.0,False,165.08,21.77
880c46,AIQ677,Thailand,1783039232,124.8994,37.1536,7261.86,False,238.95,84.07
71c375,ESR625,Republic of Korea,1783039231,127.1604,37.3163,3055.62,False,186.76,71.37
71c379,TWB706,Republic of Korea,1783039231,127.1387,37.3755,3497.58,False,146.49,281.55
71c371,AAR303,Republic of Korea,1783039232,126.1408,37.1031,5227.32,False,189.85,269.07
780649,CCA8202,China,1783039232,115.4699,39.7819,6736.08,False,215.41,221.42
780647,CCA2818,China,1783039231,113.7478,22.8235,4518.66,False,175.31,356.13
71c366,ABL1645,Republic of Korea,1783039228,131.4682,35.379,9144.0,False,255.49,83.06
71c364,AAR721,Republic of Korea,1783039231,126.6375,36.6726,5349.24,False,213.64,164.93
155c60,RWZ4640,Russian Federation,1783039231,28.7302,41.3566,1066.8,False,84.55,29.53
780657,CHH7987,China,1783039229,116.1518,39.5387,6659.88,False,221.99,155.93
71c311,KAL1806,Republic of Korea,1783039232,126.6583,37.6604,807.72,False,94.8,128.61
71c314,KAL1844,Republic of Korea,1783039232,127.3832,37.2644,4114.8,False,152.69,304.71
71c301,JJA1101,Republic of Korea,1783039231,138.7862,36.8834,8907.78,False,273.6,80.8
71c304,JJA111,Republic of Korea,1783039232,126.8833,36.8514,4876.8,False,196.6,200.05
70401f,MMA501,Myanmar,1783039229,96.8135,14.9745,10256.52,False,222.15,141.3
71c333,JJA1702,Republic of Korea,1783039232,132.069,34.01,5958.84,False,191.1,259.3
71c332,JJA1325,Republic of Korea,1783039229,135.0052,34.2929,1173.48,False,84.84,50.91
71c335,JJA1402,Republic of Korea,1783039231,127.7966,36.7942,6789.42,False,195.07,330.8
06a052,QTR870,Qatar,1783037709,53.5878,24.8589,10058.4,False,252.54,107.18
71c328,ABL8804,Republic of Korea,1783039231,126.7802,37.4648,2385.06,False,133.58,289.34
71c321,JJA6151,Republic of Korea,1783039183,127.975,34.4321,7924.8,False,204.47,228.57
71c326,TWB241,Republic of Korea,1783039228,133.4253,36.298,10668.0,False,274.63,93.22
06a068,QTR67H,Qatar,1783039232,51.1619,25.2351,3070.86,False,152.1,111.01
06a066,QTR9A,Qatar,1783039229,48.8629,27.0656,10363.2,False,247.8,307.92
06a063,QTR64V,Qatar,1783038469,53.4717,24.7559,9448.8,False,252.22,105.26
06a062,QTR9W,Qatar,1783039178,57.1893,23.0577,10972.8,False,250.56,297.25
48e958,LOT197,Poland,1783039231,45.127,40.7857,10668.0,False,272.09,93.36
71c395,ABL8106,Republic of Korea,1783039231,128.7102,34.7907,1638.3,False,125.78,48.81
880c52,AIQ3148,Thailand,1783039232,99.7608,12.2585,8534.4,False,210.92,179.86
71c386,EOK352,Republic of Korea,1783039228,134.0818,36.1989,10668.0,False,265.71,82.43
781918,CSN6921,China,1783038898,114.1835,22.856,3901.44,False,184.13,30.94
781923,CCA8139,China,1783039124,117.1129,39.8501,4572.0,False,193.47,172.67
781935,CSN8117,China,1783039231,113.8159,22.5146,1661.16,False,122.21,189.94
4b9da1,HYM316,Turkey,1783039231,30.8103,38.9154,8663.94,False,246.32,339.33
86ddd4,JAL311,Japan,1783039232,139.4896,35.5558,4549.14,False,193.52,290.22
a9876e,CKS550,United States,1783039231,136.7059,34.7919,11582.4,False,214.26,244.85
06a080,QTR8148,Qatar,1783038642,35.3058,34.7782,11277.6,False,270.2,129.2
a866d3,SVY314,United States,1783038967,101.3698,14.2142,2339.34,False,80.06,84.84
06a087,QTR26K,Qatar,1783039209,56.9974,23.1492,10363.2,False,233.07,297.19
06a08d,QTR50E,Qatar,1783039143,55.8181,25.0505,10363.2,False,238.58,277.31
3949f0,AFR283,France,1783037782,42.8894,41.0342,10972.8,False,222.25,287.51
7c806b,QFA5,Australia,1783039231,30.7561,30.6788,12192.0,False,250.02,316.75
4406de,AUA8,Austria,1783038309,45.2644,41.6121,11582.4,False,220.33,285.85
a3a209,N333MB,United States,1783039231,77.4184,28.2335,3810.0,False,169.44,128.71
76b448,SIA868,Singapore,1783039231,103.8667,3.1853,9296.4,False,227.27,18.48
76b450,SIA726,Singapore,1783039053,101.9992,3.8517,9144.0,False,248.12,324.37
76b451,SIA524,Singapore,1783039232,101.7919,3.46,10363.2,False,236.45,308.64
76b453,SIA154,Singapore,1783039231,103.8433,3.0027,7383.78,False,245.48,358.44
70412a,UBA4001,Myanmar,1783039232,94.5589,18.3536,4876.8,False,132.48,316.89
78076c,CCA1331,China,1783039229,114.9099,39.497,9791.7,False,258.42,223.06
76b44c,SIA762,Singapore,1783039232,103.1917,3.7935,10294.62,False,237.48,339.72
4b9e55,STW1024,Turkey,1783039232,30.9254,36.8069,1927.86,False,144.1,185.12
8621ea,JAL454,Japan,1783039231,139.3138,34.3499,5935.98,False,226.63,67.16
510115,BRU8172,Belarus,1783037779,42.3357,41.8483,10668.0,False,263.0,65.99
406c39,VIR346,United Kingdom,1783037657,28.5255,43.7241,11277.6,False,267.81,123.72
407f62,EZY89CX,United Kingdom,1783039226,25.2829,35.8121,3238.5,False,189.27,163.09
86351c,SNJ125,Japan,1783039232,127.4418,26.5317,1211.58,False,105.56,173.84
a9c52e,NCR510,United States,1783038939,108.1919,22.6649,9784.08,False,267.23,312.66
868ee4,ANA372,Japan,1783039232,130.3123,32.9848,6713.22,False,207.44,97.27
71c510,AAR122,Republic of Korea,1783039231,127.9765,37.5823,6477.0,False,224.89,78.92
71c506,KAL2129,Republic of Korea,1783038965,129.3841,35.2111,5349.24,False,218.12,90.14
71c534,AAR327,Republic of Korea,1783039174,124.4875,37.3796,9174.48,False,212.99,256.17
886292,TAX601,Thailand,1783039232,140.5799,35.6801,4130.04,False,197.14,142.74
71c529,KAL2171,Republic of Korea,1783039231,128.4021,37.6482,7459.98,False,241.44,79.19
71c525,ABL124,Republic of Korea,1783039226,134.891,34.1872,1417.32,False,88.61,33.87
86228c,ANA859,Japan,1783039229,136.2983,34.2796,10972.8,False,213.19,237.12
71c590,KAL2193,Republic of Korea,1783039231,129.7125,37.2368,9448.8,False,252.87,121.52
71c592,JJA2211,Republic of Korea,1783039232,126.4739,37.3991,670.56,False,114.87,149.3
801408,AIC4WB,India,1783039231,77.1207,28.0881,6423.66,False,194.27,203.24
78085f,CQH7587,China,1783039140,124.415,34.763,9441.18,False,227.9,180.0
789206,HKE625,China,1783039205,119.4921,23.5113,10965.18,False,242.06,237.76
789214,CPA261,China,1783039232,46.4027,40.8587,11582.4,False,225.25,262.39
780898,GCR7930,China,1783039231,116.565,40.4089,5958.84,False,204.88,113.22
801442,IGO6701,India,1783039230,72.551,18.8006,4831.08,False,165.23,214.09
71c556,KAL744,Republic of Korea,1783039232,135.2189,35.3405,9525.0,False,191.75,276.93
789230,CPA271,China,1783039232,39.9636,41.1371,11582.4,False,231.0,263.35
71d872,KNP972,Republic of Korea,1783039226,128.9457,35.1688,7.62,True,0.0,115.31
71c546,ESR611,Republic of Korea,1783039232,126.6015,37.3337,1714.5,False,142.84,161.3
8622aa,JA6266,Japan,1783039228,140.0206,36.2399,457.2,False,42.3,85.82
801422,IGO5303,India,1783039231,76.8302,26.7083,9235.44,False,227.04,177.79
71c578,ESR204,Republic of Korea,1783039232,127.2525,36.9643,4472.94,False,168.91,42.78
71c571,KAL2101,Republic of Korea,1783039226,128.6736,37.6889,6621.78,False,253.18,81.71
78924d,CPA907,China,1783039232,119.6249,16.8373,10050.78,False,238.09,151.05
789264,CPA771,China,1783039228,114.5444,21.7765,6164.58,False,196.76,177.15
71c563,EOK315,Republic of Korea,1783039222,131.7084,35.7063,10972.8,False,187.35,278.69
71c568,JNA735,Republic of Korea,1783039220,123.0173,27.0998,10401.3,False,232.69,215.55
71c569,JNA241,Republic of Korea,1783039224,134.6045,34.0288,2461.26,False,132.8,102.53
801493,AIC3CY,India,1783039232,76.8059,27.3913,9098.28,False,215.13,188.11
a7dba2,UPS62,United States,1783039232,138.611,35.7539,11582.4,False,208.15,232.73
801461,IGO2209,India,1783039231,77.0371,28.5782,571.5,False,79.23,104.67
80148d,IGO2706,India,1783039231,77.5738,14.5294,10957.56,False,219.96,2.95
80149e,IGO076,India,1783039232,56.0538,22.7052,10058.4,False,247.9,68.07
06a1c9,QQE506,Qatar,1783039231,133.2359,35.9389,13106.4,False,206.48,267.57
06a1be,QTR27R,Qatar,1783039231,56.3662,23.4458,10363.2,False,249.62,296.83
06a1bc,QTR806,Qatar,1783038923,55.0888,24.9854,9448.8,False,265.74,85.56
873028,ANA806,Japan,1783039232,102.1699,13.4448,8404.86,False,252.84,101.86
06a1d1,QQE723,Qatar,1783039184,29.0076,30.2457,13716.0,False,255.24,125.48
8a0241,GIA207,Indonesia,1783039229,106.7224,-5.9871,2766.06,False,137.95,247.64
4bb842,PGT6266,Turkey,1783039232,25.9163,42.7097,11277.6,False,248.29,149.77
06a1ed,QTR29Y,Qatar,1783039200,78.3337,14.1378,11887.2,False,232.84,110.84
8a020e,GIA401,Indonesia,1783039230,106.5655,-6.0509,1737.36,False,119.41,248.52
06a1eb,QTR8415,Qatar,1783039231,92.0732,22.2395,9753.6,False,261.72,274.74
4bb859,PGT1791,Turkey,1783039231,45.225,40.3346,11087.1,False,206.55,259.67
407af3,BAW8,United Kingdom,1783039231,140.99,36.0333,6736.08,False,262.64,107.09
862338,ANA523,Japan,1783039232,135.257,34.6719,2781.3,False,144.78,281.27
789271,HKE607,China,1783039188,119.992,23.9114,10965.18,False,232.84,225.9
789285,HKE704,China,1783039231,108.4001,19.0344,10378.44,False,249.65,230.6
504e77,FIA6312,Republic of Moldova,1783039231,29.2478,41.9017,9738.36,False,231.85,343.9
8515c4,JAL625,Japan,1783039194,130.7038,32.7767,899.16,False,103.56,64.71
4bb866,PGT868,Turkey,1783039232,32.9925,34.1672,11277.6,False,216.03,206.75
4bb85a,PGT1581,Turkey,1783039231,28.2007,39.916,11277.6,False,237.31,150.38
504e92,FIE534,Republic of Moldova,1783037568,28.5167,44.6641,10066.02,False,246.25,141.19
78929d,CRK236,China,1783039208,115.1184,22.0153,8214.36,False,197.08,67.92
504e86,FIA6816,Republic of Moldova,1783038983,29.5339,41.1704,10965.18,False,238.66,336.36
8a028e,GIA160,Indonesia,1783038924,103.9463,-4.3841,10972.8,False,230.38,306.28
a97282,CKS961,United States,1783039231,128.9178,37.5571,7322.82,False,268.07,111.15
8a0285,LNI353,Indonesia,1783039231,106.4624,-6.2148,1097.28,False,90.09,68.56
8a026b,LNI964,Indonesia,1783039231,106.6567,-6.2562,10972.8,False,238.92,298.28
06a111,QTR7M,Qatar,1783039118,58.5785,24.7703,12192.0,False,263.48,95.27
06a110,QTR962,Qatar,1783039226,53.0637,24.8568,5943.6,False,227.0,105.11
06a10d,QTR3G,Qatar,1783039232,32.1593,32.5737,12496.8,False,269.16,132.13
06a10e,QTR948,Qatar,1783038411,53.8813,24.6533,10172.7,False,241.26,105.46
801534,AIC2HV,India,1783039037,72.7865,20.0103,8770.62,False,213.23,337.89
780997,CSN3857,China,1783039065,109.1712,21.9476,10393.68,False,239.85,303.89
06a139,QTR1A,Qatar,1783038802,55.6003,23.801,10363.2,False,250.54,296.46
06a138,QTR875,Qatar,1783038809,55.6382,25.0692,10972.8,False,248.17,277.74
06a148,QTR57W,Qatar,1783039231,37.8398,34.0621,10972.8,False,245.21,340.39
06a149,QTR836,Qatar,1783039231,57.1986,23.3161,10668.0,False,258.18,115.49
80154e,FQA324,India,1783039232,72.7594,19.0342,1287.78,False,145.7,182.23
06a13a,QTR6T,Qatar,1783039119,38.6832,32.6124,9753.6,False,254.92,333.12
801566,IGO7655,India,1783039231,77.7792,28.2404,1623.06,False,122.64,64.4
48c22d,RYS5079,Poland,1783039231,30.7894,36.8761,182.88,False,78.63,6.01
80155a,IGO1702,India,1783039231,90.8493,23.9754,10965.18,False,238.45,283.35
80152d,IGO54M,India,1783039031,76.3751,10.1502,99.06,False,71.02,88.34
48c220,RYS7143,Poland,1783039188,27.7148,42.7236,1181.1,False,117.42,201.06
80152f,IGO1061,India,1783039231,99.22,13.9525,9707.88,False,216.82,110.41
86cf4d,SNJ92,Japan,1783039231,139.8199,35.4884,335.28,False,71.66,330.31
801553,AIC6YS,India,1783039232,75.9725,27.0225,10949.94,False,222.34,211.37
801551,IGO236K,India,1783039167,85.362,19.9,10363.2,False,241.11,243.11
80159a,IGO088,India,1783039231,75.8398,12.3619,9197.34,False,235.13,153.77
80156c,IGO607,India,1783039150,78.4009,14.5789,10820.4,False,243.46,305.97
801587,AKJ504,India,1783039212,70.2123,16.8881,10668.0,False,227.42,118.36
85186a,JAL254,Japan,1783039231,132.8204,34.4949,2362.2,False,141.15,45.59
80157c,AKJ1823,India,1783039227,77.8485,14.1701,6705.6,False,208.9,17.63
863861,JA6881,Japan,1783039232,143.8318,43.8267,2628.9,False,62.4,74.7
801591,AXB1461,India,1783039232,79.6822,27.3954,9418.32,False,238.7,107.3
78092f,CSC8710,China,1783039046,113.2838,23.5993,7132.32,False,224.58,295.51
851826,JAL373C,Japan,1783039232,133.2557,34.4272,9753.6,False,208.03,249.59
06a108,QTR52U,Qatar,1783039199,57.8574,23.0161,12496.8,False,255.6,116.41
06a103,QTR36G,Qatar,1783039230,38.8668,31.5131,11887.2,False,269.89,148.64
851848,JAL493,Japan,1783039231,139.7044,35.3201,3848.1,False,176.6,257.38
06a101,QTR54X,Qatar,1783039231,56.3866,24.9829,12192.0,False,244.53,277.74
7892a5,HKE857,China,1783039099,131.1935,32.0674,11582.4,False,208.96,234.82
7892a6,HKE617,China,1783038971,114.0514,21.9648,1417.32,False,157.95,298.82
06a0a5,QTR51V,Qatar,1783039127,57.7994,24.8365,11879.58,False,264.57,96.48
06a0af,QTR861,Qatar,1783039231,52.8428,25.2957,6172.2,False,222.07,259.18
06a0ad,QTR1455,Qatar,1783039232,51.2126,25.4082,3238.5,False,171.34,262.23
06a0ab,QTR72Q,Qatar,1783039232,32.4853,38.1426,12489.18,False,266.24,129.9
06a0c0,QTR88Y,Qatar,1783039232,37.1519,35.6483,11582.4,False,243.93,340.15
88510d,THA936,Thailand,1783039231,89.788,21.8318,11582.4,False,262.25,303.72
06a0bf,QTR617,Qatar,1783039231,52.1836,25.3532,4770.12,False,204.34,248.28
885118,THA937,Thailand,1783039231,100.7395,13.9497,1485.9,False,135.83,146.43
8013c3,AIC2028,India,1783039224,54.7551,22.5363,11879.58,False,252.6,98.2
68000c,KB141,Bhutan,1783039232,92.3299,21.6883,8534.4,False,253.01,320.78
06a0e8,QTR1V,Qatar,1783039231,25.8811,42.1898,11887.2,False,266.55,121.67
8013d6,AIC2118,India,1783039232,102.9547,1.7032,6423.66,False,195.64,118.25
06a0e7,QTR119,Qatar,1783039227,49.7925,26.6571,9250.68,False,235.78,316.24
06a0f7,QTR880,Qatar,1783038861,58.6308,24.6667,11887.2,False,262.94,103.0
06a0f8,QTR1436,Qatar,1783039231,33.8816,30.182,11887.2,False,257.31,151.85
06a0eb,QTR942,Qatar,1783039119,104.1928,1.4166,1706.88,False,101.84,347.16
8013b2,AIC2VZ,India,1783039232,76.8366,10.8563,6835.14,False,200.27,19.04
a9d62e,UAL151,United States,1783039232,135.215,34.4078,99.06,False,84.12,50.96
88517a,THA930,Thailand,1783039231,45.3448,40.776,10363.2,False,223.16,273.44
86cf09,SNJ32,Japan,1783039232,130.0464,32.7923,2598.42,False,132.23,138.0
71c740,JJA6101,Republic of Korea,1783039232,126.6033,37.1569,3162.3,False,162.05,151.56
88516b,THA920,Thailand,1783037194,46.2509,41.3854,10972.8,False,221.79,287.13
71c743,EOK312,Republic of Korea,1783039229,134.4179,34.0953,3147.06,False,135.7,130.7
600b20,AZG691,Azerbaijan,1783039208,53.6117,22.686,11887.2,False,248.75,97.85
06a19e,QTR929,Qatar,1783039143,51.6415,25.222,251.46,False,83.11,338.2
06a19d,QTR73P,Qatar,1783038884,53.6319,24.7159,9517.38,False,238.37,105.27
71c715,ESR601,Republic of Korea,1783039232,140.4563,36.6756,4815.84,False,190.24,131.49
4a2182,HLJ3DF,Romania,1783039232,26.4906,35.3782,11277.6,False,223.17,153.73
71c717,ESR605,Republic of Korea,1783039231,140.5183,35.6109,1242.06,False,95.02,329.41
71c718,ESR881,Republic of Korea,1783039231,122.3958,26.3137,7818.12,False,211.82,215.31
71c700,ESR206,Republic of Korea,1783039232,127.0508,36.7894,4831.08,False,192.91,43.05
885176,THA951,Thailand,1783039231,100.5635,14.0349,3284.22,False,159.61,125.69
71c739,JJA1501,Republic of Korea,1783039231,141.368,41.9948,5669.28,False,184.53,40.93
704458,MMA3307,Myanmar,1783039227,95.97,21.708,160.02,False,2.62,168.69
842194,ADO62,Japan,1783039232,143.6843,41.7742,8702.04,False,227.81,160.34
880454,AIQ251,Thailand,1783039231,99.4812,14.5089,8023.86,False,221.69,312.84
880453,AIQ3522,Thailand,1783039140,102.5384,14.7173,5433.06,False,214.39,54.67
880452,AIQ3370,Thailand,1783038919,103.7835,14.9211,8945.88,False,214.68,64.29
880450,AIQ3554,Thailand,1783039208,100.3107,16.0173,10363.2,False,221.39,8.15
4b187d,SWR147,Switzerland,1783038803,42.8802,41.4164,11582.4,False,218.12,260.36
4b187a,SWR155,Switzerland,1783039229,32.6074,29.2798,11582.4,False,241.67,308.43
4b1887,SWR2647,Switzerland,1783039231,47.5617,41.0983,10972.8,False,216.04,288.18
861f44,JAL8663,Japan,1783039231,137.9786,35.0704,9753.6,False,209.48,249.74
8686aa,ANA467,Japan,1783038988,135.7175,33.012,10972.8,False,244.59,207.43
86d6a4,ANA861,Japan,1783039230,134.3426,35.8667,10972.8,False,204.75,270.29
861f00,JAL2000,Japan,1783039150,139.3937,39.6336,11582.4,False,231.22,206.28
51603f,MNE2733,Montenegro,1783039231,29.7366,34.7478,10972.8,False,222.5,320.35
861e70,ANA673,Japan,1783039231,136.3517,35.3104,7924.8,False,226.0,254.82
14fc06,RWZ016,Russian Federation,1783038425,42.3658,41.8879,10050.78,False,241.58,63.98
861e4e,ANA245,Japan,1783039205,136.0314,35.2364,7924.8,False,222.45,254.16
84cb66,SFJ42,Japan,1783039231,133.2495,33.8271,10881.36,False,260.53,76.29
86d5e0,JAL21,Japan,1783039232,138.7187,35.8105,8877.3,False,204.16,266.24
84cb5b,JJP125,Japan,1783039231,140.9312,40.2142,10668.0,False,227.07,4.55
3c6701,DLH733,Germany,1783039232,45.0663,41.5046,12192.0,False,228.77,266.78
3c6710,DLH769,Germany,1783038056,40.3615,40.9809,12192.0,False,230.12,272.18
7c492a,QFA2,Australia,1783039230,48.1478,40.5753,10668.0,False,284.61,93.83
75839f,PAL300,Philippines,1783038945,119.7968,17.2394,10363.2,False,234.0,313.31
3c671a,DLH727,Germany,1783037193,46.6187,41.3146,12192.0,False,221.78,280.42
7c4926,QFA1,Australia,1783039232,44.8408,40.798,11582.4,False,224.12,273.16
c08509,ACA66,Canada,1783039230,102.9663,13.3922,8397.24,False,249.06,91.3
4080f9,AZG733,United Kingdom,1783039231,44.6635,40.8051,9753.6,False,227.69,272.98
846a16,JAL2762,Japan,1783039231,141.969,43.1423,3131.82,False,133.09,274.21
78211f,CXA856,China,1783039175,106.4554,-5.6389,4046.22,False,157.88,334.94
75847f,APG320,Philippines,1783039231,121.127,14.5164,1592.58,False,126.61,134.01
86d6c8,ANA981,Japan,1783039232,138.6317,35.4715,8534.4,False,204.64,266.4
758437,CEB015,Philippines,1783039231,99.0749,14.2522,11277.6,False,244.03,108.82
78217f,CCA101,China,1783039232,115.7313,39.9705,6545.58,False,221.6,226.41
4a08ec,ROT101C,Romania,1783039231,30.834,35.845,11277.6,False,218.26,177.97
4a08ed,ROT156,Romania,1783039231,25.9755,44.3441,1813.56,False,142.76,331.13
861ed6,ANA703,Japan,1783039231,140.3144,40.1315,12504.42,False,239.06,27.28
842250,JJP503,Japan,1783039231,132.1713,34.4571,10972.8,False,189.19,254.87
861eb4,ADO15,Japan,1783039231,140.9848,41.7559,7863.84,False,207.94,47.71
890032,QFF303,Yemen,1783039232,36.2249,30.4138,7208.52,False,228.61,170.28
7820b8,CHH7004,China,1783039227,113.2178,22.797,6012.18,False,215.72,224.52
7583e2,PAL525,Philippines,1783038934,115.2466,8.4971,10972.8,False,247.14,233.46
7583ed,PAL740,Philippines,1783039217,104.1401,13.6983,10347.96,False,244.44,271.45
7820f6,CHH7167,China,1783038929,114.1176,39.0355,9791.7,False,241.11,199.05
440c8d,AUA1083,Austria,1783039232,28.4453,36.1288,10652.76,False,245.43,125.79
7820f9,CHH7767,China,1783039139,108.2173,22.8575,11003.28,False,240.67,307.53
7820ea,CSN5853,China,1783039180,113.6738,23.318,7132.32,False,225.01,344.76
7583a8,PAL438,Philippines,1783039230,127.9959,26.3704,10668.0,False,242.79,40.1
841087,JA04KM,Japan,1783039230,130.501,32.7909,2758.44,False,74.61,358.81
8675d8,ANA1271,Japan,1783039232,141.225,41.9011,6781.8,False,199.35,44.79
758530,CEB448,Philippines,1783039231,120.9208,14.2,2674.62,False,136.2,296.95
846b6c,JAL502,Japan,1783039231,140.7661,38.1967,11323.32,False,234.86,192.91
84bb06,ANA747,Japan,1783039232,138.569,36.1446,7322.82,False,199.81,302.38
4246b5,AHY5050,United Kingdom,1783039231,33.4474,33.6591,10965.18,False,248.4,11.59
485789,KLM861,Kingdom of the Netherlands,1783039232,140.7751,35.6862,1889.76,False,134.13,209.91
75857d,CEB382,Philippines,1783039232,121.9791,12.7366,10043.16,False,233.16,325.61
782278,CCA1389,China,1783039130,116.5661,40.249,2095.5,False,148.17,269.4
782288,CSN8919,China,1783039169,107.9328,23.0213,10393.68,False,238.44,324.22
78229d,CHH7382,China,1783038982,114.2719,39.2782,8991.6,False,241.5,220.68
abd6ed,GTI8641,United States,1783039232,44.2413,41.4183,9448.8,False,281.04,95.25
7584a8,CEB110,Philippines,1783039194,117.4308,19.3427,11582.4,False,246.5,312.55
a9aba2,ETD931,United States,1783039232,96.2676,23.35,12496.8,False,221.19,49.72
151dc1,AFL294,Russian Federation,1783037420,88.0609,22.895,12496.8,False,243.84,123.56
841043,SJO857,Japan,1783039232,140.5619,41.5811,2567.94,False,133.59,342.75
151db6,AFL272,Russian Federation,1783039231,76.6267,30.7304,10668.0,False,256.31,111.67
060047,MAU748,Mauritius,1783039231,72.944,19.0898,449.58,False,72.04,268.77
7821f4,CQH8781,China,1783039232,101.1381,12.5725,9144.0,False,229.02,222.54
7584c8,RPC5413,Philippines,1783039232,120.8998,14.4152,190.5,False,49.84,191.31
408016,DHK895,United Kingdom,1783039231,90.0668,22.4675,9761.22,False,249.94,277.21
75862c,CEB3443,Philippines,1783039232,121.5918,11.992,11277.6,False,247.48,149.38
75861f,WCC2,Philippines,1783039231,121.133,13.9704,541.02,False,44.8,21.56
760918,PIA246,Pakistan,1783038949,58.4964,24.7773,11262.36,False,260.36,95.21
4007f0,BAW2231,United Kingdom,1783037317,28.1718,43.9086,10668.0,False,255.72,125.83
4baac5,THY9VP,Turkey,1783039231,30.8648,35.0405,11277.6,False,228.56,177.94
782384,CHH429,China,1783039232,115.7819,39.9653,5242.56,False,172.82,231.53
4baad6,THY7JK,Turkey,1783039232,29.7982,41.0233,4968.24,False,174.16,259.62
758685,CEB5109,Philippines,1783039229,135.3229,33.7655,5615.94,False,218.45,128.79
758680,RPC1943,Philippines,1783039231,120.2023,14.0868,3055.62,False,89.72,187.25
abb325,GTI8228,United States,1783039017,132.2037,32.0197,9448.8,False,277.26,57.19
75865c,RPC8528,Philippines,1783039102,120.6415,14.8632,784.86,False,29.33,88.99
7585d7,WC324,Philippines,1783039232,121.1517,14.0058,716.28,False,44.64,25.97
7585b3,APG213,Philippines,1783039231,121.2299,13.0579,7620.0,False,217.11,156.84
846d0c,ADO112,Japan,1783039230,135.9998,36.9219,10111.74,False,193.75,238.46
7585dd,PAL431,Philippines,1783039231,140.8618,34.398,8572.5,False,219.4,223.76
7585ea,APG124,Philippines,1783039229,120.699,20.2824,10050.78,False,239.42,4.44
758769,CEB505,Philippines,1783039231,120.7508,14.5734,1744.98,False,112.11,185.27
75872c,CEB5063,Philippines,1783039168,138.3502,32.3597,10370.82,False,217.09,237.78
7c39b5,VHLON,Australia,1783039232,138.2697,32.8779,13716.0,False,268.84,44.3
70c105,OMA172,Oman,1783038812,53.9797,24.7069,11879.58,False,261.82,116.36
846d80,FDA171,Japan,1783039232,140.1062,38.2137,11064.24,False,218.63,13.06
70c126,OMS498,Oman,1783039231,89.5264,23.3051,6522.72,False,218.04,237.13
758709,WC285,Philippines,1783038977,121.1201,13.9473,419.1,False,37.81,33.91
a81bc4,UPS15,United States,1783039231,90.1606,24.1224,9753.6,False,268.06,282.86
aa7bd6,CKS243,United States,1783039231,122.4475,25.4822,9448.8,False,264.66,49.81
770453,ALK192,Sri Lanka,1783039230,76.8994,24.7524,10096.5,False,244.71,175.18
781199,EPA6278,China,1783038969,113.76,22.6887,220.98,False,89.52,142.47
75876b,CEB914,Philippines,1783039231,120.6898,15.2203,3627.12,False,132.65,355.33
733495,IRB9741,Islamic Republic of Iran,1783039207,32.516,39.4189,10668.0,False,283.15,83.64
75877a,RPC3805,Philippines,1783039231,120.8721,14.7996,495.3,False,38.41,352.3
88084c,AIQ656,Thailand,1783039231,100.481,13.8384,1767.84,False,132.7,236.86
880850,AIQ3070,Thailand,1783039231,99.6016,11.4685,11582.4,False,241.89,190.04
7586ef,SRQ6172,Philippines,1783039232,120.603,15.2885,670.56,False,67.64,201.88
846bfa,ANA383,Japan,1783039231,139.2672,35.7375,6652.26,False,168.3,271.75
7609ec,PIA286,Pakistan,1783039232,52.8606,25.0333,5981.7,False,213.36,104.24
86789e,ANA55,Japan,1783039231,139.8827,36.1166,5227.32,False,203.07,8.89
7586d0,CEB312,Philippines,1783039231,120.6232,21.5292,11887.2,False,238.57,346.53
7609e2,SIF869,Pakistan,1783039207,70.5988,31.9211,10607.04,False,261.43,49.95
781100,CES576,China,1783039231,135.5747,34.9704,9144.0,False,217.79,257.31
7609ad,ABQ170,Pakistan,1783039124,53.7044,22.7233,10363.2,False,237.82,257.89
7586b6,C1,Philippines,1783039232,121.1334,13.9724,548.64,False,43.6,19.29
846bd8,ANA577,Japan,1783039138,138.5234,38.4672,8229.6,False,238.02,35.85
84ceef,JJP7927,Japan,1783039231,138.5103,35.1312,10972.8,False,181.98,266.27
4baa49,THY4KR,Turkey,1783036718,31.9297,54.6978,10058.4,False,28.85,191.31
4baa46,THY1LK,Turkey,1783037606,31.9154,54.6913,9753.6,False,230.13,200.14
888054,HVN579,Viet Nam,1783039228,120.3902,24.5743,5623.56,False,199.94,214.84
88803f,VJC835,Viet Nam,1783039224,119.4757,20.6243,10980.42,False,227.36,225.28
4baa0c,THY7VC,Turkey,1783039231,29.6048,40.881,3992.88,False,184.62,273.99
8678c0,ANA89T,Japan,1783039154,135.7857,33.1228,10972.8,False,239.29,207.39
70c0fd,OMA103,Oman,1783039231,36.5425,34.7076,10972.8,False,229.17,305.87
4baa6f,THY1YH,Turkey,1783039231,30.5413,38.7837,10965.18,False,232.7,345.53
4baa6d,THY9YQ,Turkey,1783039231,27.6138,41.4861,5113.02,False,193.74,130.58
ab9e12,FDX5279,United States,1783039227,86.6479,25.2635,9144.0,False,278.32,294.58
71e258,HLC258,Republic of Korea,1783039109,126.717,37.0981,373.38,False,27.34,138.81
86eb51,JA883B,Japan,1783039231,135.1059,34.6973,1226.82,False,79.87,266.68
88808c,HVN1615,Viet Nam,1783039231,106.2365,20.2994,6995.16,False,216.11,157.46
888098,HVN319,Viet Nam,1783039230,139.102,33.2134,9753.6,False,213.15,249.07
888096,VJC125,Viet Nam,1783039231,106.4536,19.9097,7924.8,False,220.39,157.93
8678e2,ANA460,Japan,1783039231,138.446,33.9059,8686.8,False,258.97,55.93
75883d,GAP2141,Philippines,1783039231,121.3966,12.511,8671.56,False,241.03,159.9
48436a,KLM843,Kingdom of the Netherlands,1783039232,92.0902,20.3563,11277.6,False,246.34,125.05
733541,IRM093,Islamic Republic of Iran,1783039231,88.3185,24.5644,10668.0,False,242.17,114.61
758827,CEB5068,Philippines,1783039231,140.5895,34.7183,5638.8,False,197.03,17.63
88809d,HVN337,Viet Nam,1783039231,134.9362,34.4214,2819.4,False,144.21,262.62
770590,ALK266,Sri Lanka,1783039231,75.2017,11.6642,11887.2,False,235.72,134.82
867904,ANA241,Japan,1783038964,131.4028,34.2822,7056.12,False,187.61,254.25
7587fa,CEB562,Philippines,1783039231,122.6428,12.2371,9753.6,False,215.49,325.21
7587f6,RPC8694,Philippines,1783039231,120.831,14.8731,342.9,False,43.73,351.2
7587cb,CEB901,Philippines,1783039231,120.9924,13.4918,7620.0,False,177.59,133.36
76d255,TGW608,Singapore,1783039232,100.83,13.6294,3733.8,False,172.99,15.52
76d256,TGW481,Singapore,1783039232,102.1948,2.9315,9448.8,False,243.04,133.97
4bbd13,TKJ5YU,Turkey,1783039232,34.1318,35.7071,10363.2,False,230.25,335.73
7587ac,CEB623,Philippines,1783039231,121.6851,11.7696,10066.02,False,242.81,165.52
5084a6,MGH936,Ukraine,1783039231,25.0421,43.8513,10668.0,False,255.18,149.87
888177,HVN571,Viet Nam,1783039231,120.5438,24.7458,5113.02,False,190.04,243.64
5084d1,MGH428,Ukraine,1783039232,25.7739,42.509,10668.0,False,228.45,134.64
888194,HVN587,Viet Nam,1783039231,120.0225,21.8628,5791.2,False,189.21,203.22
888141,VJC270,Viet Nam,1783039148,106.7101,20.813,68.58,False,72.89,72.33
88811a,VJC989,Viet Nam,1783039231,122.3021,25.3364,9761.22,False,234.57,194.22
888153,HVN206,Viet Nam,1783039232,105.7394,20.4294,4297.68,False,194.86,350.89
88813c,VJC421,Viet Nam,1783039231,106.0278,20.8737,3825.24,False,186.38,158.46
70606e,KAC348,Kuwait,1783038962,55.755,25.151,9753.6,False,236.32,284.37
76d1c9,TGW274,Singapore,1783039094,105.4183,-1.8248,10668.0,False,241.79,158.4
733682,IRM051,Islamic Republic of Iran,1783039230,91.2705,18.3003,11887.2,False,243.98,111.91
88819e,BAV203,Viet Nam,1783039232,106.1721,20.6233,4419.6,False,199.9,156.01
76d1ca,TGW510,Singapore,1783039232,103.8318,2.457,8023.86,False,230.49,352.3
706067,KAC302,Kuwait,1783039231,50.3358,26.9295,11582.4,False,240.7,301.72
86ec28,C208N,Japan,1783038990,136.6522,35.1621,1927.86,False,66.37,270.44
845c8c,IBX61,Japan,1783039232,135.6148,34.9667,7574.28,False,191.78,255.55
845c8d,JTA600,Japan,1783039231,127.1268,26.4888,1958.34,False,122.66,35.96
706072,KAC382,Kuwait,1783039230,53.3739,25.7949,12192.0,False,237.04,292.73
7811e5,CSC3827,China,1783039213,47.8982,41.1261,11582.4,False,208.87,270.28
4bcdba,SXS6YM,Turkey,1783039232,25.3072,39.7484,12169.14,False,240.79,342.34
4bcde5,SXS7RL,Turkey,1783039231,26.0155,39.2556,11887.2,False,247.56,123.13
840120,CKSTR8,Japan,1783039231,139.1015,35.9321,6088.38,False,182.72,293.39
888125,VJC959,Viet Nam,1783039231,130.3676,33.222,3406.14,False,168.18,220.66
888124,HVN19,Viet Nam,1783039230,45.4873,40.7676,10972.8,False,224.02,272.63
781329,CCA1545,China,1783039086,117.0678,40.1217,3390.9,False,179.75,173.26
846def,NCA254,Japan,1783039231,101.3918,12.5418,9281.16,False,235.37,347.12
4851af,KLM867,Kingdom of the Netherlands,1783039232,133.3955,35.3484,8526.78,False,275.69,125.74
780031,0000000,China,1783039230,95.3092,20.5877,2270.76,False,115.58,241.27
4851b0,KLM897,Kingdom of the Netherlands,1783039180,116.6221,40.4189,3078.48,False,160.72,103.32
4851b1,KLM810,Kingdom of the Netherlands,1783039232,42.4054,40.9057,11582.4,False,227.81,273.5
78136b,CSZ9501,China,1783039205,114.3093,23.0372,5151.12,False,177.1,34.71
781383,CXA8684,China,1783039201,105.921,-5.4561,5836.92,False,185.55,311.29
706132,JZR412,Kuwait,1783039224,57.1638,23.0701,11559.54,False,233.76,297.24
888250,VAG750,Viet Nam,1783039170,105.6364,21.0068,1905.0,False,134.79,359.56
781403,CSC3863,China,1783039232,47.4667,41.1861,11582.4,False,211.47,281.36
845d1c,JAL306,Japan,1783039211,131.5658,33.486,6644.64,False,233.9,74.44
86da40,JAL91,Japan,1783039231,133.7652,35.837,12184.38,False,203.73,270.58
8881c7,VJC8923,Viet Nam,1783039232,106.7482,19.3051,9822.18,False,253.3,341.9
8881ab,VJC823,Viet Nam,1783039232,140.6524,35.459,5654.04,False,189.33,192.71
8881ac,VJC939,Viet Nam,1783039230,134.4809,34.4552,5471.16,False,181.84,260.88
8881b6,HVN1603,Viet Nam,1783039232,107.1282,18.8607,9753.6,False,239.16,151.62
4bcda5,SXS1ZQ,Turkey,1783039231,26.4408,39.0761,11887.2,False,245.13,130.74
845d88,ANA534,Japan,1783039231,134.6785,34.7989,4739.64,False,210.15,76.98
4bcdb6,SXS4KQ,Turkey,1783039231,30.8679,37.2196,3093.72,False,156.36,4.53
7812e4,CHH7726,China,1783039230,114.9629,22.8059,4678.68,False,198.27,263.59
4bcdac,SXS2BQ,Turkey,1783038941,26.9066,38.4083,3642.36,False,181.58,138.91
7812de,CCA1491,China,1783039231,116.0023,40.1212,5341.62,False,178.17,229.92
7812dc,CCA1643,China,1783039207,116.5714,40.2378,1790.7,False,139.36,353.22
abb6b5,FDX5163,United States,1783039226,136.6361,37.068,10058.4,False,295.28,64.95
7812ee,CHH7398,China,1783039084,113.7695,22.7143,419.1,False,76.61,153.26
7812ec,CHH7189,China,1783039205,116.1136,40.1991,3208.02,False,154.2,230.41
8880f8,HVN37,Viet Nam,1783038179,37.9249,41.1611,11582.4,False,234.29,275.92
780193,CPA723,China,1783039229,114.3874,22.1095,4511.04,False,169.18,158.04
8880f0,HVN441,Viet Nam,1783039232,120.7735,21.8607,9753.6,False,240.1,224.48
78018d,CPA912,China,1783039205,119.7012,17.3259,11582.4,False,236.19,313.32
4bcca9,SXS6XD,Turkey,1783039232,28.0528,38.1196,11887.2,False,249.52,127.46
845be4,JJP645,Japan,1783039232,135.6533,35.144,8534.4,False,166.09,255.1
448465,ICL851,Belgium,1783039023,39.7958,40.989,10668.0,False,291.9,70.54
8880dc,VJC124,Viet Nam,1783039231,105.5804,20.0704,6926.58,False,200.02,9.03
8880e6,HVN349,Viet Nam,1783039231,136.505,35.0881,3535.68,False,176.63,299.1
8880e3,HVN207,Viet Nam,1783039182,106.8687,19.3981,9151.62,False,247.95,159.35
88821c,SPQ1207,Viet Nam,1783039231,105.9976,21.0897,2910.84,False,151.14,170.79
88821b,SPQ907,Viet Nam,1783039224,106.6134,19.5273,7924.8,False,223.45,159.94
152c96,VDA4196,Russian Federation,1783039232,72.1288,19.7185,5943.6,False,193.79,139.63
4bce06,SXS303,Turkey,1783039232,44.205,41.6788,6248.4,False,203.27,255.19
4bce04,SXS2QH,Turkey,1783039231,25.7529,39.5359,11666.22,False,231.51,148.82
781496,HBH3601,China,1783039214,116.941,40.5308,9479.28,False,220.97,24.78
4d0105,CLX4164,Luxembourg,1783039231,43.0939,40.949,9448.8,False,295.22,103.5
4d0104,CLX7954,Luxembourg,1783039215,99.0415,14.6186,11887.2,False,249.62,127.3
84655a,ANA396,Japan,1783039232,139.9427,35.3454,1226.82,False,105.54,330.19
851bba,JAL2501,Japan,1783039232,135.6435,34.812,5486.4,False,193.23,77.7
8940d6,GFA045,Bahrain,1783039231,31.4288,38.1985,10980.42,False,217.25,311.35
8940ca,GFA87S,Bahrain,1783039181,35.9727,28.7573,10363.2,False,235.95,285.95
8940ce,GFA283,Bahrain,1783039231,75.3323,14.1917,10180.32,False,244.63,297.97
8940cb,GFA131,Bahrain,1783039220,73.5238,28.5417,9753.6,False,237.97,267.15
8940cf,DHX728,Bahrain,1783039231,97.4214,21.615,9753.6,False,242.34,285.01
4d012e,CLX43,Luxembourg,1783039232,44.7662,40.7103,11887.2,False,277.49,99.5
780e36,AMU856,China,1783039229,114.5002,22.09,6819.9,False,200.41,117.35
8940ba,DHX280,Bahrain,1783039231,51.5636,25.8469,3794.76,False,178.12,309.02
76ccce,SIA7353,Singapore,1783037528,27.7491,43.9292,10058.4,False,266.73,119.33
507c71,QNT2231,Uzbekistan,1783039231,90.8425,21.1584,10066.02,False,233.29,124.22
7502c3,MXD872,Malaysia,1783039014,128.9493,27.3764,10668.0,False,247.75,40.54
780cdd,CXA8383,China,1783039132,113.7265,22.7929,906.78,False,87.21,154.49
7502d8,MXD165,Malaysia,1783039232,101.5268,3.0478,1394.46,False,107.96,185.19
780cec,CSC6880,China,1783039230,116.1966,40.2264,2720.34,False,144.56,270.2
851bfe,JAL184,Japan,1783039232,139.9327,35.225,2042.16,False,127.79,52.85
4b83a3,1283,Turkey,1783039231,27.3261,37.2641,4892.04,False,53.15,47.35
0102a9,NMA620,Egypt,1783039231,28.5091,42.4794,10782.3,False,221.06,317.74
76cda8,SIA337,Singapore,1783039231,41.7999,41.1469,10668.0,False,291.37,101.51
76cda6,SIA388,Singapore,1783039232,44.5742,40.8089,12192.0,False,227.18,272.99
86e184,ANA1892,Japan,1783039232,139.8856,35.3955,967.74,False,102.8,329.97
780dd8,CES2566,China,1783039218,107.523,22.3895,8961.12,False,235.28,79.03
8966f1,UAE9904,United Arab Emirates,1783039231,53.868,25.4235,6042.66,False,227.38,139.68
750485,AXM6275,Malaysia,1783039231,116.3611,5.9409,2827.02,False,154.47,346.52
750493,AXM6493,Malaysia,1783039231,116.0517,5.9383,7.62,False,58.57,202.74
8966ee,UAE9870,United Arab Emirates,1783039231,94.4796,22.6089,12496.8,False,240.82,82.39
8940a4,GFA17J,Bahrain,1783039178,37.2466,34.2849,9761.22,False,225.65,306.19
75044b,MAS20,Malaysia,1783038932,42.9987,40.8771,12192.0,False,230.99,273.83
8966d3,ETD822,United Arab Emirates,1783039230,116.2148,40.3769,11308.08,False,257.24,96.31
750474,AXM5108,Malaysia,1783039231,116.1138,6.0852,731.52,False,92.29,202.28
750465,AXM6306,Malaysia,1783039231,101.5984,2.6455,3398.52,False,144.4,304.26
8966af,ABY406,United Arab Emirates,1783039232,70.4856,19.4484,9174.48,False,235.78,292.31
863c44,ANA731,Japan,1783039232,135.6352,34.619,1089.66,False,114.96,315.73
8966ac,ETD1CB,United Arab Emirates,1783039231,69.5493,19.4649,10050.78,False,236.77,117.57
750447,MXD702,Malaysia,1783039099,68.4531,18.8221,10058.4,False,244.18,118.02
8966c4,ETD47B,United Arab Emirates,1783039227,49.0238,27.2069,9753.6,False,253.59,299.27
750419,AXM1510,Malaysia,1783039232,120.1872,12.7776,10668.0,False,223.92,25.15
84b3eb,APJ563,Japan,1783039232,140.6316,39.7604,11879.58,False,216.6,345.7
846682,JAL2784,Japan,1783039232,141.5346,43.8171,4305.3,False,150.12,194.89
780f12,CSN6213,China,1783039217,116.6964,40.307,3901.44,False,167.31,173.29
872968,ANA1277,Japan,1783039232,140.2175,39.9719,11582.4,False,235.48,40.13
0100dd,MSR697,Egypt,1783039190,34.6664,29.4582,9784.08,False,256.48,100.63
0100dc,MSR816,Egypt,1783038977,31.9909,29.5291,9593.58,False,219.44,291.45
846658,FDA224,Japan,1783039231,141.0873,42.549,5455.92,False,191.77,200.57
75049d,AXM170,Malaysia,1783039232,120.2405,23.2978,6697.98,False,216.16,20.33
75049f,AXM5106,Malaysia,1783039210,104.2475,3.4249,8839.2,False,215.31,87.12
ac05b3,FDX5154,United States,1783039231,136.7863,36.0111,10363.2,False,214.01,269.59
780de6,CES5052,China,1783039032,124.0589,37.1965,9784.08,False,206.22,235.16
7503fd,AXM6049,Malaysia,1783039231,103.6878,1.591,502.92,False,100.05,161.1
01024c,MSC883,Egypt,1783039232,42.7269,40.0625,10660.38,False,269.88,85.52
407799,BAW32,United Kingdom,1783039229,42.8986,40.8821,10972.8,False,226.85,273.77
86803e,SKY132,Japan,1783039130,132.2245,32.2341,7620.0,False,249.98,46.42
010245,MSR967,Egypt,1783039231,51.2781,26.4576,10363.2,False,240.33,289.64
8478ab,NCA241,Japan,1783039232,140.4313,35.7859,3040.38,False,162.63,159.44
4b8392,2445,Turkey,1783039232,26.3474,38.2799,5181.6,False,49.32,210.04
01026f,MSC434,Egypt,1783039230,34.0107,28.2886,10972.8,False,235.57,308.97
881054,NOK123,Thailand,1783039232,100.6817,14.0495,838.2,False,80.85,209.34
010282,LMU631,Egypt,1783039107,37.9744,32.9209,9144.0,False,252.84,45.74
010274,NMA618,Egypt,1783039231,25.298,45.7278,10363.2,False,224.16,320.87
868088,SKY175,Japan,1783039231,135.0531,35.3862,8092.44,False,229.17,35.87
868089,SKY141,Japan,1783039218,134.7526,34.5791,3398.52,False,173.88,269.83
010273,MSC427,Egypt,1783039232,33.5238,29.6663,7307.58,False,242.95,101.36
01025a,NMA642,Egypt,1783038218,26.3627,53.1394,11277.6,False,325.31,313.59
7503c2,MXD2302,Malaysia,1783039090,102.3086,4.5607,8229.6,False,230.49,353.33
a00ca4,FDX5775,United States,1783039050,140.3924,35.741,83.82,False,76.76,329.83
717c9c,KNE333,Saudi Arabia,1783039226,72.9072,28.3805,10058.4,False,243.33,99.86
010205,MSR780,Egypt,1783039231,25.9148,36.3997,11285.22,False,245.57,138.23
010208,MSR802,Egypt,1783039231,31.0968,30.9712,6591.3,False,234.25,184.41
01022b,MSC3701,Egypt,1783039231,33.799,35.0695,10980.42,False,249.61,11.77
868043,SKY303,Japan,1783039231,137.222,34.624,11582.4,False,197.64,237.22
868038,SKY791,Japan,1783039231,141.0033,41.1395,11452.86,False,223.94,15.73
8464d2,ANA384,Japan,1783039232,138.9979,34.7141,5882.64,False,224.17,84.87
48ae22,LOT80,Poland,1783039188,41.0432,41.4735,12184.38,False,226.87,275.46
48ae21,LOT2006,Poland,1783039220,116.475,39.1729,10393.68,False,251.9,252.9
750528,AXM472,Malaysia,1783039036,103.6071,0.653,4008.12,False,152.81,123.74
8464f4,ANA675,Japan,1783039231,139.7943,35.7588,3124.2,False,143.45,286.03
485e30,KLM872,Kingdom of the Netherlands,1783039231,74.2335,28.5975,8839.2,False,270.31,263.44
84b4d9,APJ125,Japan,1783039231,137.9945,36.8769,11887.2,False,242.58,23.63
76cee2,SIA26,Singapore,1783039231,47.3102,40.7092,10363.2,False,223.58,273.03
8464b0,ANA18,Japan,1783039232,139.5126,34.8687,3794.76,False,206.43,64.78
76cef5,SIA631,Singapore,1783039231,136.8574,34.3879,10363.2,False,225.12,232.89
76cef9,SIA324,Singapore,1783039231,47.3735,40.561,9753.6,False,230.73,278.98
780ef5,GCR7797,China,1783039232,116.688,40.4135,5394.96,False,179.92,345.77
507c57,UZB428,Uzbekistan,1783039231,72.7333,19.1775,3040.38,False,138.28,18.43
0101ba,MSR716,Egypt,1783039231,31.1634,31.2547,8016.24,False,224.19,149.37
7c66d5,VHULJ,Australia,1783039224,112.8457,5.3589,12496.8,False,210.11,62.12
750561,AXM705,Malaysia,1783039232,102.4791,2.4044,5867.4,False,204.4,140.82
75054c,MAS164,Malaysia,1783039231,56.271,23.4901,12192.0,False,250.77,296.83
750556,MAS601,Malaysia,1783039228,104.2001,1.3893,1805.94,False,120.54,346.68
40749a,BAW16,United Kingdom,1783035460,43.0351,46.1999,11574.78,False,95.06,247.74
4d2524,SQY4112,Malta,1783039232,29.6807,40.929,10363.2,False,226.97,335.35
704a83,ST411,Myanmar,1783039228,96.5538,16.8268,2682.24,False,110.95,108.94
84b77f,APJ105,Japan,1783039220,139.1032,38.6348,11887.2,False,246.86,34.39
846748,IBX68,Japan,1783039216,134.0939,33.8299,6667.5,False,235.45,75.45
71ba01,KAL1707,Republic of Korea,1783039232,126.9403,36.593,4312.92,False,173.61,247.16
84b750,ANA973,Japan,1783039231,130.7742,33.6165,11582.4,False,198.53,250.16
8466a0,JJP102,Japan,1783039231,141.7112,42.6682,1242.06,False,140.49,171.37
717cb2,KNE413,Saudi Arabia,1783039134,49.1653,26.0847,5676.9,False,228.69,243.55
8466c7,NCA049,Japan,1783039232,137.9183,36.7665,10957.56,False,294.32,80.34
7504eb,AXM1624,Malaysia,1783039232,126.7134,36.3096,7368.54,False,217.7,178.38
7504f9,9MLIZ,Malaysia,1783039231,103.6574,1.6735,167.64,False,45.89,160.35
7504c9,9MMIN,Malaysia,1783039232,103.615,1.6969,411.48,False,51.17,350.16
7504c8,9MKEN,Malaysia,1783039232,103.6498,1.6339,350.52,False,58.4,342.04
7504c3,AXM700,Malaysia,1783039232,102.4133,2.6589,5951.22,False,194.35,311.03
7504af,AXM380,Malaysia,1783039231,106.5725,-5.9381,3002.28,False,142.15,247.89
7504d0,AXM6412,Malaysia,1783039150,100.2509,5.1021,731.52,False,126.13,326.31
780fd3,CSN6914,China,1783039126,115.0069,41.5635,11003.28,False,221.8,295.85
84b5ee,SFJ76,Japan,1783039232,135.2012,34.4346,11277.6,False,262.02,79.02
780fdb,CCA1359,China,1783039111,114.2502,39.2692,11239.5,False,250.45,222.84
76bcc9,TGW797,Singapore,1783039232,77.3861,9.2037,11879.58,False,232.72,114.7
86808a,SKY173,Japan,1783039231,140.2725,39.6785,12192.0,False,241.93,45.78
76bccb,TGW100,Singapore,1783039078,113.2373,22.3724,4892.04,False,205.35,279.23
84b5ac,JJP105,Japan,1783039231,141.9091,42.7938,2438.4,False,137.77,350.33
4d23e1,CHZ212,Malta,1783039232,25.3935,37.9135,10668.0,False,253.11,143.6
704b21,MYP417,Myanmar,1783039231,94.3349,18.7062,5486.4,False,128.25,318.25
704b22,MYP535,Myanmar,1783039228,96.504,16.4906,3505.2,False,94.18,147.26
8a0a73,GIA182,Indonesia,1783039203,106.1041,-5.5854,5516.88,False,186.67,309.74
7505a7,SIN108,Malaysia,1783039230,104.938,2.7774,10058.4,False,220.87,92.27
4cadc6,ITY758,Ireland,1783039232,100.3103,14.3421,4663.44,False,183.66,104.27
846888,ANA281,Japan,1783039232,137.2732,34.7378,7315.2,False,212.84,248.15
84b83e,ANA719,Japan,1783039232,140.2087,37.8255,6400.8,False,234.99,11.88
a8397c,UPS9,United States,1783037369,98.6425,14.1692,10363.2,False,262.92,238.77
3c7a51,CFG2367,Germany,1783039232,41.0306,40.9602,11582.4,False,221.94,272.52
347388,IBE0281,Spain,1783039232,140.5821,36.432,4328.16,False,180.78,186.7
40621d,BAW12,United Kingdom,1783037888,45.7475,41.5183,10363.2,False,225.7,285.87
851f4e,JTA552,Japan,1783039214,127.6278,26.301,350.52,False,84.94,177.92
761487,ABQ478,Pakistan,1783039200,74.3966,31.5995,1043.94,False,94.23,246.51
86831e,JAL81,Japan,1783039232,138.9606,35.4883,8282.94,False,216.96,266.6
86d31d,APJ213,Japan,1783039231,135.2423,34.4677,571.5,False,80.86,336.37
800b13,IGO35TC,India,1783038954,73.8231,18.6525,2674.62,False,176.0,91.51
71bc21,AIH987,Republic of Korea,1783039232,126.2776,33.6483,10363.2,False,237.42,210.9
86960c,ANA725,Japan,1783039231,135.0938,35.5182,7315.2,False,211.97,270.7
8468ee,ANA561,Japan,1783039232,139.3722,35.2332,5478.78,False,206.57,257.49
4d2342,FJO62L,Malta,1783038987,41.5964,40.9196,12192.0,False,215.66,268.22
800b9c,AXB581,India,1783039231,50.692,26.2703,2834.64,False,146.01,249.59
4d2371,VJT285,Malta,1783039231,102.5195,2.3716,10843.26,False,251.99,121.65
86837c,ANA244,Japan,1783039232,139.2234,34.7626,5509.26,False,225.5,78.15
84b7fa,ANA634,Japan,1783039231,136.0113,34.5267,11285.22,False,278.94,84.82
862d50,JAL900A,Japan,1783039231,139.896,35.1041,2560.32,False,131.4,25.26
8681be,SKY553,Japan,1783039006,128.7789,27.5942,10431.78,False,238.55,231.92
8681bd,SKY103,Japan,1783039231,138.4557,35.462,9144.0,False,200.57,266.18
8681b2,SKY705,Japan,1783039231,141.782,42.9147,1630.68,False,115.03,351.25
8681b6,SKY501,Japan,1783039231,127.5253,26.4647,495.3,False,94.3,112.79
8681b9,SKY762,Japan,1783039232,140.539,42.0855,8999.22,False,231.77,226.17
8681ad,SKY004,Japan,1783039232,135.3816,34.2536,11887.2,False,269.29,80.32
8681ac,SKY102,Japan,1783039228,136.9327,34.787,8229.6,False,251.22,92.11
4d21b4,AJO301,Malta,1783039231,51.1747,26.748,12496.8,False,263.72,108.89
4c01e5,ASL91K,Serbia,1783038043,41.8553,41.9292,10363.2,False,179.93,264.26
151fd1,SBI2625,Russian Federation,1783039232,86.1407,54.0228,3284.22,False,158.08,115.65
151fd2,SBI2594,Russian Federation,1783039231,89.2378,54.4008,8945.88,False,215.68,298.34
3c4582,BOX703,Germany,1783039231,113.9508,22.8983,5829.3,False,231.71,334.35
3c4583,BOX523,Germany,1783039231,95.5155,22.0101,9753.6,False,258.45,275.6
3c458a,BOX724,Germany,1783039113,113.6981,22.1654,1318.26,False,113.8,11.21
3c458b,BOX548,Germany,1783039165,107.8983,22.4566,11308.08,False,239.83,79.24
3c458f,BOX585,Germany,1783039201,130.4683,32.5974,9448.8,False,282.33,58.71
3c4596,BOX735,Germany,1783039232,96.3479,21.8811,10363.2,False,263.78,284.69
846910,ANA17,Japan,1783039232,138.9957,35.157,7200.9,False,203.73,257.75
8694fa,ANA961,Japan,1783039231,136.8186,35.8415,10972.8,False,205.34,271.58
71aa64,XUM2592,Republic of Korea,1783039231,127.4373,36.9829,2979.42,False,131.66,343.19
881425,AIQ3235,Thailand,1783039223,99.5834,10.9393,9387.84,False,236.65,190.02
881424,AIQ230,Thailand,1783039232,100.8144,13.714,6035.04,False,198.91,65.56
71bd85,KAL1055,Republic of Korea,1783039231,126.7756,35.8134,6118.86,False,204.51,185.05
800c01,IGO146,India,1783039231,78.6091,29.4665,10020.3,False,237.56,119.73
800c08,AIC4215,India,1783039231,70.9985,19.256,9829.8,False,239.22,292.37
407371,VIR208,United Kingdom,1783039229,126.3686,37.5192,373.38,False,75.23,144.46
800c0c,AIC9DV,India,1783039232,75.212,27.4596,9532.62,False,244.59,30.18
862df4,ANA294,Japan,1783039231,139.7938,34.9152,3131.82,False,144.81,46.15
800c6d,IGO7624,India,1783039231,77.9624,27.9796,3025.14,False,100.16,123.69
800c88,AIC215,India,1783038972,85.1381,27.4491,4320.54,False,149.28,214.89
3c68cb,BCS674,Germany,1783039231,98.9773,21.2155,10972.8,False,254.39,285.72
70afb7,RNA416,Nepal,1783039226,92.7244,21.297,10363.2,False,247.95,317.44
71005d,SVA700,Saudi Arabia,1783039208,53.1215,22.5888,11269.98,False,247.87,93.33
850e9c,JAL255,Japan,1783039232,135.7571,35.2186,6705.6,False,208.49,255.86
861b47,ANA8508,Japan,1783039226,127.4459,25.8644,10058.4,False,244.98,47.13
861b69,ANA8448,Japan,1783039224,134.4903,33.4269,10668.0,False,275.67,79.57
850e58,JAL661,Japan,1783039231,134.2966,34.6913,6697.98,False,203.87,254.03
4cac15,KZR563,Ireland,1783039232,92.8247,18.299,10058.4,False,233.32,128.28
4b19fd,CFG4104,Switzerland,1783039231,27.1115,35.4851,9753.6,False,238.0,335.21
4cac13,KZR8237,Ireland,1783039231,75.1339,30.815,10683.24,False,229.17,147.09
710055,SVA724,Saudi Arabia,1783039128,58.0536,23.2599,10058.4,False,262.37,67.16
710058,SVA739,Saudi Arabia,1783039188,54.8247,22.0215,10363.2,False,260.7,258.73
71002a,SVA118,Saudi Arabia,1783039231,26.1871,35.2359,11887.2,False,263.5,143.17
850e7a,JAL309,Japan,1783039231,137.7106,35.5267,9753.6,False,197.95,258.46
861b28,JAL142,Japan,1783039232,140.146,35.3194,2103.12,False,131.31,182.47
71be26,AAR102,Republic of Korea,1783039227,135.0369,36.3319,11887.2,False,293.49,78.47
86d2fb,APJ211,Japan,1783039231,128.1098,27.1374,4762.5,False,193.17,224.46
4cac0d,KZR909,Ireland,1783039232,125.5858,37.2488,4343.4,False,176.41,57.75
885b4a,TVJ823,Thailand,1783039231,130.5301,33.5361,10972.8,False,202.95,254.41
8682f4,ANA243,Japan,1783039232,132.6658,34.5661,10355.58,False,216.62,255.14
04c14a,KQA304,Kenya,1783039229,55.8379,23.5624,9144.0,False,238.41,352.06
885b47,TVJ850,Thailand,1783039231,127.0024,36.4084,7924.8,False,222.34,358.28
885b45,TVJ320,Thailand,1783039197,100.6228,10.9192,10668.0,False,240.32,181.47
885b44,TVJ831,Thailand,1783039232,140.3303,34.2894,8618.22,False,215.24,237.79
39c424,AFR201,France,1783039231,25.8443,44.8277,11574.78,False,238.98,294.41
39c425,AFR551,France,1783039219,30.4288,30.9903,7223.76,False,224.22,312.95
71be03,KAL362,Republic of Korea,1783039231,126.5385,37.0378,4572.0,False,165.86,281.45
71be09,KAL591,Republic of Korea,1783038901,45.2291,41.6205,10363.2,False,223.52,285.35
800d14,SEJ052,India,1783039231,71.6579,19.2192,9662.16,False,229.34,77.96
861bec,ANA993,Japan,1783039008,127.6278,26.3034,350.52,False,76.74,177.31
40832c,TOM6FB,United Kingdom,1783039232,27.5191,37.8577,10972.8,False,225.28,318.7
86e844,ANA205,Japan,1783038102,41.7122,44.1756,12184.38,False,100.76,210.36
861ba8,ADO14,Japan,1783039231,141.558,41.1375,10751.82,False,236.89,191.02
a97cb5,GTI3037,United States,1783039231,135.9323,34.1849,9448.8,False,280.52,41.88
800d2d,IGO6171,India,1783039232,75.8757,25.6386,11582.4,False,235.97,183.12
710108,SVA862,Saudi Arabia,1783039225,85.7232,18.9526,10668.0,False,250.38,107.95
710102,SVA993,Saudi Arabia,1783039232,94.3197,22.5889,8534.4,False,259.08,262.24
71011d,SVA882,Saudi Arabia,1783039166,54.6822,22.546,10660.38,False,263.51,98.19
01013d,MSR995,Egypt,1783039065,29.6331,31.4427,8839.2,False,253.22,318.21
71010f,SVA022,Saudi Arabia,1783039231,28.944,40.6171,10668.0,False,275.04,125.18
86d57f,APJ413,Japan,1783039232,141.0618,41.4604,8831.58,False,228.68,20.27
4d2068,WMT2S,Malta,1783039231,25.8402,44.5459,784.86,False,118.49,80.25
39d2a8,AFR187,France,1783039229,142.8994,36.5109,9784.08,False,292.22,48.28
39d2a4,AFR264,France,1783039231,116.9992,39.255,11315.7,False,254.63,149.39
4b18f5,EDW170,Switzerland,1783039231,44.9446,41.4603,1897.38,False,125.04,88.82
800bb5,IGO439E,India,1783039230,80.9392,27.0185,10066.02,False,228.69,116.45
71bf53,ABL8807,Republic of Korea,1783039231,128.4436,35.9337,6134.1,False,219.38,135.86
86e808,JAL97,Japan,1783039231,137.9864,34.9328,11597.64,False,210.46,265.79
71bf47,AAR369,Republic of Korea,1783039231,126.0484,33.3861,11582.4,False,215.74,210.05
600012,SHS710,Armenia,1783039231,40.2315,54.7246,10058.4,False,234.81,142.48
800be6,AIC1GC,India,1783039229,75.0806,13.8641,11277.6,False,233.06,153.66
71bf09,KAL835,Republic of Korea,1783039158,125.6804,32.7824,12192.0,False,221.19,211.4
71bf01,KAL621,Republic of Korea,1783039229,122.5817,26.2597,11582.4,False,236.1,215.42
71bf34,JNA301,Republic of Korea,1783039231,135.7632,36.8545,11277.6,False,286.21,59.42
71bf27,KAL1150,Republic of Korea,1783039231,127.0006,36.4688,5181.6,False,184.74,358.56
71bf25,KAL1049,Republic of Korea,1783039231,126.6378,34.5182,5501.64,False,190.03,184.97
71bf29,ABL147,Republic of Korea,1783039232,130.5021,33.4123,2217.42,False,143.51,240.59
71bf20,KAL2117,Republic of Korea,1783039231,127.2708,37.4699,2461.26,False,147.5,78.53
3c5642,BOX713,Germany,1783039231,94.6122,22.0774,9144.0,False,261.25,274.86
71bf19,JNA451,Republic of Korea,1783039203,126.4432,34.0266,929.64,False,176.9,210.59
4b191c,SWR139,Switzerland,1783039119,42.4081,41.3569,10363.2,False,228.94,260.56
4b191f,SWR177,Switzerland,1783039231,43.0433,41.4296,10363.2,False,230.68,267.57
7580a0,GAP2919,Philippines,1783039232,121.328,14.4255,4533.9,False,189.28,122.01
4b1921,SWR180,Switzerland,1783039231,86.9269,23.5376,11277.6,False,251.63,121.29
86d68f,APJ351,Japan,1783038927,131.2228,34.2392,6423.66,False,195.74,254.14
71bf94,AAR301,Republic of Korea,1783039231,125.6299,37.2632,7795.26,False,217.58,293.11
71bf92,AAR107,Republic of Korea,1783039231,138.4601,36.0085,10972.8,False,190.87,270.62
71bf90,ASV705,Republic of Korea,1783039232,138.1249,36.7943,10066.02,False,283.83,80.4
86d624,TZP45,Japan,1783039232,137.4256,36.0128,12192.0,False,199.6,270.0
71bf89,ASV741,Republic of Korea,1783039231,126.8279,37.2825,3055.62,False,188.69,86.25
7100bf,SVA734,Saudi Arabia,1783039217,49.7906,22.7015,10058.4,False,257.85,91.71
86d64b,APJ735,Japan,1783039232,128.9727,36.266,10972.8,False,184.97,305.15
a816bf,FDX9080,United States,1783038972,113.6803,8.9522,10683.24,False,242.48,51.72
4d2003,SEU6131,Malta,1783039231,31.0989,31.7483,11277.6,False,216.44,174.82
86d5a1,APJ304,Japan,1783039230,134.9666,34.1034,1943.1,False,107.0,291.14
758201,GAP2548,Philippines,1783039231,121.8308,12.3579,9136.38,False,241.96,336.71
800cc7,AIC2385,India,1783039231,101.9107,2.9942,3185.16,False,156.87,22.36
4b1916,SWR176,Switzerland,1783038925,48.581,40.3371,10058.4,False,286.43,101.29
850fb6,SFJ75,Japan,1783039231,138.3538,35.3821,10972.8,False,191.82,260.74
